-- phpMyAdmin SQL Dump
-- version 4.5.1
-- http://www.phpmyadmin.net
--
-- Servidor: 127.0.0.1
-- Tiempo de generación: 18-02-2017 a las 18:02:34
-- Versión del servidor: 10.1.19-MariaDB
-- Versión de PHP: 5.6.28

SET SQL_MODE = "NO_AUTO_VALUE_ON_ZERO";
SET time_zone = "+00:00";


/*!40101 SET @OLD_CHARACTER_SET_CLIENT=@@CHARACTER_SET_CLIENT */;
/*!40101 SET @OLD_CHARACTER_SET_RESULTS=@@CHARACTER_SET_RESULTS */;
/*!40101 SET @OLD_COLLATION_CONNECTION=@@COLLATION_CONNECTION */;
/*!40101 SET NAMES utf8mb4 */;

--
-- Base de datos: `maibac`
--

-- --------------------------------------------------------

--
-- Estructura de tabla para la tabla `familia`
--

CREATE TABLE `familia` (
  `id` int(11) NOT NULL,
  `descripcion` varchar(30) NOT NULL,
  `stock` int(11) NOT NULL
) ENGINE=InnoDB DEFAULT CHARSET=latin1;

--
-- Volcado de datos para la tabla `familia`
--

INSERT INTO `familia` (`id`, `descripcion`, `stock`) VALUES
(0, 'SIN ASIGNAR', 10),
(1, 'OTRA', 50),
(2, 'FIERROS', 10);

-- --------------------------------------------------------

--
-- Estructura de tabla para la tabla `material`
--

CREATE TABLE `material` (
  `id` int(11) NOT NULL,
  `barra` varchar(30) NOT NULL,
  `codigo` mediumint(9) NOT NULL,
  `descripcion` varchar(70) NOT NULL,
  `stock` int(11) NOT NULL,
  `precio` float NOT NULL,
  `id_familia` int(11) NOT NULL,
  `id_proveedor` int(11) NOT NULL,
  `estado` int(11) NOT NULL
) ENGINE=InnoDB DEFAULT CHARSET=latin1;

--
-- Volcado de datos para la tabla `material`
--

INSERT INTO `material` (`id`, `barra`, `codigo`, `descripcion`, `stock`, `precio`, `id_familia`, `id_proveedor`, `estado`) VALUES
(1, '', 12610, 'TERMINAL BRONCE SO HI  13 MM.', 10, 624, 0, 1, 1),
(2, '', 8040, 'COPLA BRONCE HI HI  13 MM.', 15, 680, 0, 1, 1),
(1, '', 5000, 'ABRAZADERA REPAR. 100 MM 120-131 L:300MM', 1, 22268, 0, 1, 1),
(2, '', 5010, 'ABRAZADERA REPAR. 119-130 L:200 MM.', 3, 34942, 0, 1, 1),
(3, '', 0, '', 0, 0, 3, 0, 0),
(4, '1111111', 5030, 'ABRAZADERA REPAR. 150 MM 174-184 L:254MM', 7, 38721, 0, 1, 0),
(5, '12', 5040, 'ABRAZADERA REPAR. 150-162 L:300 MM', 9, 25441, 0, 2, 1),
(6, '', 5050, 'ABRAZADERA REPAR. 193-205 L:200 MM.', 11, 28256, 0, 1, 0),
(7, '24123123', 5060, 'ABRAZADERA REPAR. 200 MM 222-246  L:201', 13, 45645, 0, 2, 0),
(8, '2312312312321', 5070, 'ABRAZADERA REPAR. 240-260 L:300 MM.', 15, 101416, 1, 2, 0),
(9, '', 5080, 'ABRAZADERA REPAR. 300 MM 347-367 L:381MM', 17, 90718, 0, 1, 0),
(10, '12', 5090, 'ABRAZADERA REPAR. 300 MM 348-358 L:254MM', 19, 68955, 0, 2, 0),
(11, '', 5100, 'ABRAZADERA REPAR. 315 MM 308-320 L:200MM', 21, 17934, 0, 1, 0),
(13, '', 5120, 'ABRAZADERA REPAR. 60-67 L:200 MM.', 25, 18110, 0, 1, 0),
(14, '213123', 5130, 'ABRAZADERA REPAR. 67-77 L:200 MM.', 27, 25725, 2, 2, 0),
(16, '', 5150, 'ABRAZADERA REPAR. 95-105 L:200 MM.', 31, 50597, 0, 1, 0),
(17, '', 5160, 'ABRAZADERA REPAR. RANGO 140-153 L:200 MM', 33, 24675, 0, 1, 1),
(18, '23123', 5170, 'ABRAZADERA REPAR. RANGO 170-188 L:200 MM', 35, 18848, 2, 2, 0),
(19, '1212312', 5180, 'ADAPTADOR FFDO P/PVC B.CAMP. 125 X 140 M', 5, 93077, 2, 2, 0),
(20, '', 5190, 'ADAPTADOR FFDO P/PVC B.CAMP. 350 X 355 M', 39, 6226, 0, 1, 0),
(21, '', 5200, 'ADAPTADOR FFDO P/PVC B.CAMP. 50 x 63 MM.', 41, 8973, 0, 1, 0),
(22, '', 5210, 'ADAPTADOR FFDO. P/PVC B. CAMP. 110 MM.', 43, 15459, 0, 1, 0),
(23, '', 5220, 'ADAPTADOR FFDO. P/PVC B. CAMP. 125 MM.', 45, 17586, 0, 1, 0),
(24, '', 5230, 'ADAPTADOR FFDO. P/PVC B. CAMP. 140 MM.', 47, 16557, 0, 1, 0),
(25, '', 5240, 'ADAPTADOR FFDO. P/PVC B. CAMP. 160 MM.', 49, 23637, 0, 1, 0),
(26, '', 5250, 'ADAPTADOR FFDO. P/PVC B. CAMP. 200 MM.', 51, 34811, 0, 1, 0),
(27, '', 5260, 'ADAPTADOR FFDO. P/PVC B. CAMP. 250 MM.', 53, 55963, 0, 1, 0),
(28, '', 5270, 'ADAPTADOR FFDO. P/PVC B. CAMP. 315 MM.', 55, 131355, 0, 1, 0),
(29, '', 5280, 'ADAPTADOR FFDO. P/PVC B. CAMP. 400 MM.', 57, 10059, 0, 1, 0),
(30, '', 5290, 'ADAPTADOR FFDO. P/PVC G. CAMP. 110 MM.', 59, 23401, 0, 1, 0),
(31, '', 5300, 'ADAPTADOR FFDO. P/PVC G. CAMP. 160 MM.', 61, 25200, 0, 1, 0),
(32, '', 5310, 'ADAPTADOR FFDO. P/PVC G. CAMP. 200 MM.', 63, 41412, 0, 1, 0),
(33, '', 5320, 'ADAPTADOR FFDO. P/PVC G. CAMP. 250 MM.', 65, 51292, 0, 1, 0),
(34, '', 5330, 'ADAPTADOR FFDO. P/PVC G. CAMP. 315 MM.', 67, 84000, 0, 1, 0),
(35, '', 5340, 'ADAPTADOR FFDO. P/PVC G. CAMP. 355 MM', 69, 6313, 0, 1, 0),
(36, '', 5350, 'ADAPTADOR FFDO.P/PVC B.CAMP. 75 MM.', 71, 3938, 0, 1, 0),
(37, '', 5360, 'ADAPTADOR FFDO.P/PVC G.CAMP. 75 MM.', 73, 3566, 0, 1, 0),
(38, '', 5370, 'ADAPTADOR PVC C-10 G. CAMP. 110 MM.', 75, 4539, 0, 1, 0),
(39, '', 5380, 'ADAPTADOR PVC C-10 G. CAMP. 125 MM.', 77, 6685, 0, 1, 0),
(40, '', 5390, 'ADAPTADOR PVC C-10 G. CAMP. 140 MM.', 79, 8587, 0, 1, 0),
(41, '', 5400, 'ADAPTADOR PVC C-10 G. CAMP. 160 MM.', 81, 16823, 0, 1, 0),
(42, '', 5410, 'ADAPTADOR PVC C-10 G. CAMP. 200 MM.', 83, 28663, 0, 1, 0),
(43, '', 5420, 'ADAPTADOR PVC C-10 G. CAMP. 250 MM.', 85, 53884, 0, 1, 0),
(44, '', 5430, 'ADAPTADOR PVC C-10 G. CAMP. 315 MM.', 87, 93494, 0, 1, 0),
(45, '', 5440, 'ADAPTADOR PVC C-10 G. CAMP. 355 MM.', 89, 594, 0, 1, 0),
(46, '', 5450, 'ADAPTADOR PVC C-10 G. CEMENTAR 50 MM.', 91, 1286, 0, 1, 0),
(47, '', 5460, 'ADAPTADOR PVC C-10 G.CAMP. 63 MM.', 93, 1993, 0, 1, 0),
(48, '', 5470, 'ADAPTADOR PVC C-10 G.CAMP. 75 MM.', 95, 3969, 0, 1, 0),
(49, '', 5480, 'ADAPTADOR PVC C-10 G.CAMP. 90 MM.', 97, 2319, 0, 1, 0),
(50, '', 5490, 'ADHESIVO PARA PVC 250 CC.', 99, 410, 0, 1, 0),
(51, '', 5500, 'AJUSTE NEOPREN  50 MM', 101, 35793, 0, 1, 0),
(52, '', 5510, 'ANILLO FFDO P/CAMARA CALZADA 0,70 M.', 103, 34339, 0, 1, 0),
(53, '', 5520, 'ANILLO FFDO P/TAPA ALCANT.CIRC.T/VEREDA', 105, 53550, 0, 1, 0),
(54, '', 5530, 'ANILLO H.D. P/TAPA ALCANT.CIRC.T/CALZADA', 107, 5229, 0, 1, 0),
(55, '', 5540, 'BRIDA ACERO  75 MM.', 109, 5622, 0, 1, 0),
(56, '', 5550, 'BRIDA ACERO 100 MM.', 111, 6122, 0, 1, 0),
(57, '', 5560, 'BRIDA ACERO 110 MM.', 113, 7135, 0, 1, 0),
(58, '', 5570, 'BRIDA ACERO 125 MM.', 115, 7025, 0, 1, 0),
(59, '', 5580, 'BRIDA ACERO 150 MM.', 117, 11318, 0, 1, 0),
(60, '', 5590, 'BRIDA ACERO 200 MM PN-10 (8 PERF)', 119, 25304, 0, 1, 0),
(61, '', 5600, 'BRIDA ACERO 250 MM PN-16 (12 PERF)', 121, 26145, 0, 1, 0),
(62, '', 5610, 'BRIDA ACERO 300 MM.', 123, 67798, 0, 1, 0),
(63, '', 5620, 'BRIDA ACERO 350 MM.', 125, 82820, 0, 1, 0),
(64, '', 5630, 'BRIDA ACERO 400 MM.', 127, 97965, 0, 1, 0),
(65, '', 5640, 'BRIDA ACERO 50 MM.', 129, 14301, 0, 1, 0),
(66, '', 5650, 'BRIDA ACERO CIEGA 100 MM', 131, 26807, 0, 1, 0),
(67, '', 5660, 'BRIDA ACERO CIEGA 250 MM', 133, 59164, 0, 1, 0),
(68, '', 5670, 'BRIDA ACERO CIEGA 300 MM', 135, 4179, 0, 1, 0),
(69, '', 5680, 'BRIDA ACERO CIEGA 50 MM', 137, 7770, 0, 1, 0),
(70, '', 5690, 'BRIDA ACERO CIEGA 75 MM', 139, 19845, 0, 1, 0),
(71, '', 5700, 'BRIDA ACERO CIEGA PN10 150 MM.', 141, 2186, 0, 1, 0),
(72, '', 5710, 'BRIDA GALVANIZADA HI  50 MM', 143, 14630, 0, 1, 0),
(73, '', 5720, 'BRIDA UNIVERSAL 100 MM.', 145, 15840, 0, 1, 0),
(74, '', 5730, 'BRIDA UNIVERSAL 125 MM', 147, 50600, 0, 1, 0),
(75, '', 5740, 'BRIDA UNIVERSAL 150 MM 2207 (153/175)', 149, 23162, 0, 1, 0),
(76, '', 5750, 'BRIDA UNIVERSAL 150 MM.', 151, 28140, 0, 1, 0),
(77, '', 5760, 'BRIDA UNIVERSAL 200 MM.', 153, 98324, 0, 1, 0),
(78, '', 5770, 'BRIDA UNIVERSAL 200 MM. 2211/L (222/250)', 155, 35925, 0, 1, 0),
(79, '', 5780, 'BRIDA UNIVERSAL 250 MM.', 157, 52046, 0, 1, 0),
(80, '', 5790, 'BRIDA UNIVERSAL 300 MM.', 159, 68920, 0, 1, 0),
(81, '', 5800, 'BRIDA UNIVERSAL 350 MM.', 161, 80090, 0, 1, 0),
(82, '', 5810, 'BRIDA UNIVERSAL 400 MM.', 163, 8420, 0, 1, 0),
(83, '', 5820, 'BRIDA UNIVERSAL 50 MM', 165, 14952, 0, 1, 0),
(84, '', 5830, 'BRIDA UNIVERSAL 75 MM', 167, 415, 0, 1, 0),
(85, '', 5840, 'BUSHING BRONCE HE HI 13X10 MM.', 169, 780, 0, 1, 0),
(86, '', 5850, 'BUSHING BRONCE HE HI 19X13 MM.', 171, 1129, 0, 1, 0),
(87, '', 5860, 'BUSHING BRONCE HE HI 25X19 MM.', 173, 2907, 0, 1, 0),
(88, '', 5870, 'BUSHING BRONCE HE HI 38X32 MM.', 175, 4162, 0, 1, 0),
(89, '', 5880, 'BUSHING BRONCE HE HI 50X38 MM.', 177, 1029, 0, 1, 0),
(90, '', 5890, 'BUSHING GALVANIZADO HE HI 32X19 MM.', 179, 1029, 0, 1, 0),
(91, '', 5900, 'BUSHING GALVANIZADO HE HI 32X25 MM.', 181, 561, 0, 1, 0),
(92, '', 5910, 'BUSHING GALVANIZADO HE HI 38X13 MM.', 183, 1409, 0, 1, 0),
(93, '', 5920, 'BUSHING GALVANIZADO HE HI 38X19 MM.', 185, 1079, 0, 1, 0),
(94, '', 5930, 'BUSHING GALVANIZADO HE HI 38X32 MM.', 187, 75411, 0, 1, 0),
(95, '', 5940, 'CABEZAL FFDO P/GRIFO BRIDA 100 MM. ESVAL', 189, 1520, 0, 1, 0),
(96, '', 5950, '"CACHIMBA RECTA HI 1/2"" C/ESPIGA DE 3/8"""', 191, 45885, 0, 1, 0),
(97, '', 5960, 'CAJA FFDO CUADRADA B-22', 193, 27300, 0, 1, 0),
(98, '', 5970, 'CAJA FFDO REDONDA B-16', 195, 19339, 0, 1, 0),
(99, '', 5980, 'CAJA REGIST/GUARDA VALVULA', 197, 1258, 0, 1, 0),
(100, '', 5990, 'CAÑERIA COBRE TIPO L  10 MM.', 199, 1753, 0, 1, 0),
(101, '', 6000, 'CAÑERIA COBRE TIPO L  13 MM.', 201, 2853, 0, 1, 0),
(102, '', 6010, 'CAÑERIA COBRE TIPO L  19 MM.', 203, 4116, 0, 1, 0),
(103, '', 6020, 'CAÑERIA COBRE TIPO L  25 MM.', 203, 5871, 0, 1, 0),
(104, '', 6030, 'CAÑERIA COBRE TIPO L  32 MM.', 203, 7205, 0, 1, 0),
(105, '', 6040, 'CAÑERIA COBRE TIPO L  38 MM.', 209, 11621, 0, 1, 0),
(106, '', 6050, 'CAÑERIA COBRE TIPO L  50 MM.', 211, 26951, 0, 1, 0),
(107, '', 6060, 'CAÑERIA COBRE TIPO L  75 MM.', 203, 11187, 0, 1, 0),
(108, '', 6070, 'CAÑERIA COBRE TIPO L 100 MM.', 215, 5156, 0, 1, 0),
(109, '', 6080, 'CAÑERIA HDPE CORRUGADA N-12 C.E. 200 MM', 217, 3378, 0, 1, 0),
(110, '', 6090, 'CAÑERIA HDPE PE 100 PN-10  110 MM ROLLO', 219, 3000, 0, 1, 0),
(111, '', 6100, 'CAÑERIA HDPE PE 100 PN-10  110 MM.', 221, 11340, 0, 1, 0),
(112, '', 6110, 'CAÑERIA HDPE PE 100 PN-10  160 MM.', 223, 10360, 0, 1, 0),
(113, '', 6120, 'CAÑERIA HDPE PE 100 PN-10  200 MM.', 225, 18797, 0, 1, 0),
(114, '', 6130, 'CAÑERIA HDPE PE 100 PN-10  250 MM.', 227, 20113, 0, 1, 0),
(115, '', 6140, 'CAÑERIA HDPE PE 100 PN-10  280 MM.', 229, 24898, 0, 1, 0),
(116, '', 6150, 'CAÑERIA HDPE PE 100 PN-10  315 MM.', 231, 333, 0, 1, 0),
(117, '', 6160, 'CAÑERIA HDPE PE 100 PN-10  32 MM.', 233, 35606, 0, 1, 0),
(118, '', 6170, 'CAÑERIA HDPE PE 100 PN-10  355 MM.', 235, 43969, 0, 1, 0),
(119, '', 6180, 'CAÑERIA HDPE PE 100 PN-10  400 MM.', 237, 482, 0, 1, 0),
(120, '', 6190, 'CAÑERIA HDPE PE 100 PN-10 25 MM.', 239, 1508, 0, 1, 0),
(121, '', 6200, 'CAÑERIA HDPE PE 100 PN-10 75 MM. ROLLO', 241, 30484, 0, 1, 0),
(122, '', 6210, 'CAÑERIA HDPE PE 100 PN-12,5  315 MM.', 243, 33188, 0, 1, 0),
(123, '', 6220, 'CAÑERIA HDPE PE 100 PN-12,5  355 MM.', 245, 42000, 0, 1, 0),
(124, '', 6230, 'CAÑERIA HDPE PE 100 PN-16  355 MM.', 247, 43824, 0, 1, 0),
(125, '', 6240, 'CAÑERIA HDPE PE 100 PN-16 400 MM.', 249, 60380, 0, 1, 0),
(126, '', 6250, 'CAÑERIA HDPE PE 100 PN-20 355 MM.', 251, 76593, 0, 1, 0),
(127, '', 6260, 'CAÑERIA HDPE PE 100 PN-20 400 MM.', 253, 6698, 0, 1, 0),
(128, '', 6270, 'CAÑERIA HDPE PE 100 PN-6 180 MM', 255, 6801, 0, 1, 0),
(129, '', 6280, 'CAÑERIA HDPE PE 100 PN-6 200 MM', 257, 11090, 0, 1, 0),
(130, '', 6290, 'CAÑERIA HDPE PE 100 PN-6 250 MM', 259, 13396, 0, 1, 0),
(131, '', 6300, 'CAÑERIA HDPE PE 100 PN-6 280 MM.', 261, 18109, 0, 1, 0),
(132, '', 6310, 'CAÑERIA HDPE PE 100 PN-6 315 MM.', 263, 26767, 0, 1, 0),
(133, '', 6320, 'CAÑERIA HDPE PE 100 PN-6 400 MM.', 265, 3399, 0, 1, 0),
(134, '', 6330, 'CAÑERIA HDPE PE 80 PN-6 110  MM', 267, 17206, 0, 1, 0),
(135, '', 6340, 'CAÑERIA HDPE PE 80 PN-6 315 MM', 269, 24951, 0, 1, 0),
(136, '', 6350, 'CAÑERIA HDPE PE 80 PN-6 355 MM', 271, 27639, 0, 1, 0),
(137, '', 6360, 'CAÑERIA HDPE PE 80 PN-6 400 MM', 273, 2701, 0, 1, 0),
(138, '', 6370, 'CAÑERIA PVC C-10 110 MM.', 275, 3118, 0, 1, 0),
(139, '', 6380, 'CAÑERIA PVC C-10 125 MM.', 277, 3979, 0, 1, 0),
(140, '', 6390, 'CAÑERIA PVC C-10 140 MM.', 279, 5053, 0, 1, 0),
(141, '', 6400, 'CAÑERIA PVC C-10 160 MM.', 281, 8011, 0, 1, 0),
(142, '', 6410, 'CAÑERIA PVC C-10 200 MM.', 283, 203, 0, 1, 0),
(143, '', 6420, 'CAÑERIA PVC C-10 25 MM.', 285, 12305, 0, 1, 0),
(144, '', 6430, 'CAÑERIA PVC C-10 250 MM.', 287, 22953, 0, 1, 0),
(145, '', 6440, 'CAÑERIA PVC C-10 315 MM.', 289, 280, 0, 1, 0),
(146, '', 6450, 'CAÑERIA PVC C-10 32 MM.', 291, 29992, 0, 1, 0),
(147, '', 6460, 'CAÑERIA PVC C-10 355 MM.', 293, 419, 0, 1, 0),
(148, '', 6470, 'CAÑERIA PVC C-10 40 MM.', 295, 38633, 0, 1, 0),
(149, '', 6480, 'CAÑERIA PVC C-10 400 MM.', 297, 630, 0, 1, 0),
(150, '', 6490, 'CAÑERIA PVC C-10 50 MM.', 299, 950, 0, 1, 0),
(151, '', 6500, 'CAÑERIA PVC C-10 63 MM.', 301, 1424, 0, 1, 0),
(152, '', 6510, 'CAÑERIA PVC C-10 75 MM.', 303, 2052, 0, 1, 0),
(153, '', 6520, 'CAÑERIA PVC C-10 90 MM.', 305, 150, 0, 1, 0),
(154, '', 6530, 'CAÑERIA PVC C-16 20 MM.', 307, 5303, 0, 1, 0),
(155, '', 6540, 'CAÑERIA PVC C-6 200 MM.', 309, 22670, 0, 1, 0),
(156, '', 6550, 'CAÑERIA PVC C-6 400 MM.', 311, 1036, 0, 1, 0),
(157, '', 6560, 'CAÑERIA PVC SANITARIA 110 MM.', 313, 2239, 0, 1, 0),
(158, '', 6570, 'CAÑERIA PVC SANITARIA 160 MM.', 315, 2725, 0, 1, 0),
(159, '', 6580, 'CAÑERIA PVC SANITARIA 180 MM.', 317, 3124, 0, 1, 0),
(160, '', 6590, 'CAÑERIA PVC SANITARIA 200 MM.', 319, 5354, 0, 1, 0),
(161, '', 6600, 'CAÑERIA PVC SANITARIA 250 MM.', 321, 321, 0, 1, 0),
(162, '', 6610, 'CAÑERIA PVC SANITARIA 40 MM.', 323, 414, 0, 1, 0),
(163, '', 6620, 'CAÑERIA PVC SANITARIA 50 MM.', 325, 13049, 0, 1, 0),
(164, '', 6630, 'CAÑERIA PVC SANITARIO 315 MM.', 327, 3893, 0, 1, 0),
(165, '', 6640, 'CAÑERIA PVC T-II 180 MM.', 329, 4528, 0, 1, 0),
(166, '', 6650, 'CAÑERIA PVC T-II 200 MM.', 331, 8917, 0, 1, 0),
(167, '', 6660, 'CAÑERIA PVC T-II 250 MM.', 333, 5250, 0, 1, 0),
(168, '', 6670, 'CEMENTO ESPECIAL', 335, 181, 0, 1, 0),
(169, '', 6680, '"CINTA TEFLON 1/2"""', 337, 210, 0, 1, 0),
(170, '', 6690, '"CINTA TEFLON 3/4"""', 339, 901, 0, 1, 0),
(171, '', 6700, 'CODO BRONCE HI HE 13 MM.', 341, 1547, 0, 1, 0),
(172, '', 6710, 'CODO BRONCE HI HE 19 MM.', 343, 3118, 0, 1, 0),
(173, '', 6720, 'CODO BRONCE HI HE 25 MM.', 345, 5159, 0, 1, 0),
(174, '', 6730, 'CODO BRONCE HI HE 38 MM.', 347, 11020, 0, 1, 0),
(175, '', 6740, 'CODO BRONCE HI HE 50 MM.', 349, 1386, 0, 1, 0),
(176, '', 6750, 'CODO BRONCE HI HI 13 MM.', 351, 1607, 0, 1, 0),
(177, '', 6760, 'CODO BRONCE HI HI 19 MM.', 353, 3278, 0, 1, 0),
(178, '', 6770, 'CODO BRONCE HI HI 25 MM.', 355, 434, 0, 1, 0),
(179, '', 6780, 'CODO BRONCE SO HE 10 MM.', 357, 759, 0, 1, 0),
(180, '', 6790, 'CODO BRONCE SO HE 13 MM.', 359, 1134, 0, 1, 0),
(181, '', 6800, 'CODO BRONCE SO HE 19 MM.', 361, 1878, 0, 1, 0),
(182, '', 6810, 'CODO BRONCE SO HE 25 MM.', 363, 2426, 0, 1, 0),
(183, '', 6820, 'CODO BRONCE SO HE 32 MM.', 365, 3223, 0, 1, 0),
(184, '', 6830, 'CODO BRONCE SO HE 38 MM.', 367, 5765, 0, 1, 0),
(185, '', 6840, 'CODO BRONCE SO HE 50 MM.', 369, 685, 0, 1, 0),
(186, '', 6850, 'CODO BRONCE SO HI 13 MM.', 371, 1365, 0, 1, 0),
(187, '', 6860, 'CODO BRONCE SO HI 19 MM', 373, 1982, 0, 1, 0),
(188, '', 6870, 'CODO BRONCE SO HI 25 MM.', 375, 2819, 0, 1, 0),
(189, '', 6880, 'CODO BRONCE SO HI 32 MM.', 377, 3786, 0, 1, 0),
(190, '', 6890, 'CODO BRONCE SO HI 38 MM.', 379, 6037, 0, 1, 0),
(191, '', 6900, 'CODO BRONCE SO HI 50 MM.', 381, 15993, 0, 1, 0),
(192, '', 6910, 'CODO BRONCE SO HI 75 MM.', 383, 956, 0, 1, 0),
(193, '', 6920, 'CODO BRONCE SO SO  19 MM.', 385, 29685, 0, 1, 0),
(194, '', 6930, 'CODO BRONCE SO SO 100 MM.', 387, 360, 0, 1, 0),
(195, '', 6940, 'CODO BRONCE SO SO 13 MM.', 389, 1370, 0, 1, 0),
(196, '', 6950, 'CODO BRONCE SO SO 25 MM.', 391, 1771, 0, 1, 0),
(197, '', 6960, 'CODO BRONCE SO SO 32 MM.', 393, 3219, 0, 1, 0),
(198, '', 6970, 'CODO BRONCE SO SO 38 MM.', 395, 5628, 0, 1, 0),
(199, '', 6980, 'CODO BRONCE SO SO 50 MM.', 397, 11001, 0, 1, 0),
(200, '', 6990, 'CODO BRONCE SO SO 75 MM.', 399, 24464, 0, 1, 0),
(201, '', 7000, 'CODO GALVANIZADO  HI HI 38 MM.', 401, 24536, 0, 1, 0),
(202, '', 7010, 'CODO HDPE ELECTR PN 16 45° 110 MM', 403, 49888, 0, 1, 0),
(203, '', 7020, 'CODO HDPE ELECTR PN 16 45° 160 MM', 405, 95966, 0, 1, 0),
(204, '', 7030, 'CODO HDPE ELECTR PN 16 45° 200 MM', 407, 11851, 0, 1, 0),
(205, '', 7040, 'CODO HDPE ELECTR PN 16 45° 75 MM', 409, 24065, 0, 1, 0),
(206, '', 7050, 'CODO HDPE ELECTR PN 16 90° 110 MM', 411, 44557, 0, 1, 0),
(207, '', 7060, 'CODO HDPE ELECTR PN 16 90° 160 MM', 413, 11851, 0, 1, 0),
(208, '', 7070, 'CODO HDPE ELECTR PN 16 90°X75 MM.', 415, 6867, 0, 1, 0),
(209, '', 7080, 'CODO HDPE ELECTR PN 25 90°  32 MM', 417, 7718, 0, 1, 0),
(210, '', 7090, 'CODO HDPE ELECTR PN 25 90°X40 MM.', 419, 5040, 0, 1, 0),
(211, '', 7100, 'CODO HDPE PN 16 90° 25 MM', 421, 24689, 0, 1, 0),
(212, '', 7110, 'CODO PATIN FFDO BRIDA BRIDA 100 MM.', 423, 70, 0, 1, 0),
(213, '', 7120, 'CODO PVC C-10 CEMENTAR  25 MM.', 425, 110, 0, 1, 0),
(214, '', 7130, 'CODO PVC C-10 CEMENTAR  32 MM.', 427, 173, 0, 1, 0),
(215, '', 7140, 'CODO PVC C-10 CEMENTAR  40 MM.', 429, 275, 0, 1, 0),
(216, '', 7150, 'CODO PVC C-10 CEMENTAR  50 MM.', 431, 1323, 0, 1, 0),
(217, '', 7160, 'CODO PVC C-10 CEMENTAR  63 MM.', 433, 3724, 0, 1, 0),
(218, '', 7170, 'CODO PVC C-10 CEMENTAR 110 MM.', 435, 187, 0, 1, 0),
(219, '', 7180, 'CODO PVC C-10 CEMENTAR HI 25X19 MM.', 437, 55, 0, 1, 0),
(220, '', 7190, 'CODO PVC C-16 CEMENTAR 20 MM.', 439, 170, 0, 1, 0),
(221, '', 7200, 'CODO PVC C-16 CEMENTAR 45ºX20 MM.', 441, 183, 0, 1, 0),
(222, '', 7210, 'CODO PVC C-16 CEMENTAR HI  20X13 MM.', 443, 3177, 0, 1, 0),
(223, '', 7220, 'CODO PVC SANITARIO C/REGIST. 110 MM.', 445, 771, 0, 1, 0),
(224, '', 7230, 'CODO PVC SANITARIO CEMENTAR 45ºX110 MM.', 447, 212, 0, 1, 0),
(225, '', 7240, 'CODO PVC SANITARIO CEMENTAR 45ºX40 MM.', 449, 343, 0, 1, 0),
(226, '', 7250, 'CODO PVC SANITARIO CEMENTAR 45ºX50 MM.', 451, 518, 0, 1, 0),
(227, '', 7260, 'CODO PVC SANITARIO CEMENTAR 45ºX75 MM.', 453, 1019, 0, 1, 0),
(228, '', 7270, 'CODO PVC SANITARIO CEMENTAR 90ºX110 MM.', 455, 131, 0, 1, 0),
(229, '', 7280, 'CODO PVC SANITARIO CEMENTAR 90ºX40 MM.', 457, 210, 0, 1, 0),
(230, '', 7290, 'CODO PVC SANITARIO CEMENTAR 90ºX50 MM.', 459, 618, 0, 1, 0),
(231, '', 7300, 'CODO PVC SANITARIO CEMENTAR 90ºX75 MM.', 461, 1176, 0, 1, 0),
(232, '', 7310, 'CODO REDUCC. BRONCE HE SO 19X13 MM.', 463, 1083, 0, 1, 0),
(233, '', 7320, 'CODO REDUCC. BRONCE HI SO 13X19 MM.', 465, 1130, 0, 1, 0),
(234, '', 7330, 'CODO REDUCC. BRONCE HI SO 19X13 MM.', 467, 2625, 0, 1, 0),
(235, '', 7340, 'CODO REDUCC. BRONCE HI-HE 32X19 MM.', 469, 651, 0, 1, 0),
(236, '', 7350, 'CODO REDUCC. BRONCE SO SO 19X13 MM.', 471, 1592, 0, 1, 0),
(237, '', 7360, 'CODO REDUCC. BRONCE SO SO 25X13 MM.', 473, 1397, 0, 1, 0),
(238, '', 7370, 'CODO REDUCC. BRONCE SO SO 25X19 MM.', 475, 1810, 0, 1, 0),
(239, '', 7380, 'CODO REDUCC. BRONCE SO SO 32X19 MM.', 477, 1985, 0, 1, 0),
(240, '', 7390, 'CODO REDUCC. BRONCE SO SO 38X13 MM.', 479, 2414, 0, 1, 0),
(241, '', 7400, 'CODO REDUCC. BRONCE SO SO 38X19 MM.', 481, 2606, 0, 1, 0),
(242, '', 7410, 'CODO REDUCC. BRONCE SO SO 38X32 MM.', 483, 3812, 0, 1, 0),
(243, '', 7420, 'CODO REDUCC. BRONCE SO SO 50X25 MM.', 485, 2121, 0, 1, 0),
(244, '', 7430, 'CODO REDUCC. GALVANIZADO 38X32 MM.', 487, 39505, 0, 1, 0),
(245, '', 7440, 'CODO SEGMENTADO HDPE 45° 280 MM', 489, 53268, 0, 1, 0),
(246, '', 7450, 'CODO SEGMENTADO HDPE 45° 315 MM', 491, 56214, 0, 1, 0),
(247, '', 7460, 'CODO SEGMENTADO HDPE 90° 280 MM', 493, 54926, 0, 1, 0),
(248, '', 7470, 'CODO SEGMENTADO HDPE 90° 315 MM', 495, 2622, 0, 1, 0),
(249, '', 7480, 'COLLAR FFDO P/PVC COMPLETO   75 X 25 MM', 497, 8425, 0, 1, 0),
(250, '', 7490, 'COLLAR FFDO P/PVC COMPLETO  110x25 MM', 499, 10290, 0, 1, 0),
(251, '', 7500, 'COLLAR FFDO P/PVC COMPLETO  125 X 19 MM', 501, 8925, 0, 1, 0),
(252, '', 7510, 'COLLAR FFDO P/PVC COMPLETO  125 X 25 MM', 503, 2027, 0, 1, 0),
(253, '', 7520, 'COLLAR FFDO P/PVC COMPLETO  50x13 MM', 505, 1845, 0, 1, 0),
(254, '', 7530, 'COLLAR FFDO P/PVC COMPLETO  63x13 MM', 507, 1756, 0, 1, 0),
(255, '', 7540, 'COLLAR FFDO P/PVC COMPLETO  63x19 MM', 509, 2466, 0, 1, 0),
(256, '', 7550, 'COLLAR FFDO P/PVC COMPLETO  75x13 MM', 511, 2470, 0, 1, 0),
(257, '', 7560, 'COLLAR FFDO P/PVC COMPLETO  75x19 MM', 513, 2991, 0, 1, 0),
(258, '', 7570, 'COLLAR FFDO P/PVC COMPLETO  90X13 MM', 515, 3305, 0, 1, 0),
(259, '', 7580, 'COLLAR FFDO P/PVC COMPLETO 110X13 MM', 517, 5135, 0, 1, 0),
(260, '', 7590, 'COLLAR FFDO P/PVC COMPLETO 110x19 MM', 519, 10290, 0, 1, 0),
(261, '', 7600, 'COLLAR FFDO P/PVC COMPLETO 125x13 MM', 521, 7560, 0, 1, 0),
(262, '', 7610, 'COLLAR FFDO P/PVC COMPLETO 140x13 MM', 523, 7058, 0, 1, 0),
(263, '', 7620, 'COLLAR FFDO P/PVC COMPLETO 160x13 MM', 525, 7055, 0, 1, 0),
(264, '', 7630, 'COLLAR FFDO P/PVC COMPLETO 160X19 MM.', 527, 7238, 0, 1, 0),
(265, '', 7640, 'COLLAR FFDO P/PVC COMPLETO 160x25 MM', 529, 25200, 0, 1, 0),
(266, '', 7650, 'COLLAR FFDO P/PVC COMPLETO 160x38 MM', 531, 16275, 0, 1, 0),
(267, '', 7660, 'COLLAR FFDO P/PVC COMPLETO 200X13 MM', 533, 25200, 0, 1, 0),
(268, '', 7670, 'COLLAR FFDO P/PVC COMPLETO 200x19 MM', 535, 29400, 0, 1, 0),
(269, '', 7680, 'COLLAR FFDO P/PVC COMPLETO 200x25 MM', 537, 30450, 0, 1, 0),
(270, '', 7690, 'COLLAR FFDO P/PVC COMPLETO 250x13 MM', 539, 65100, 0, 1, 0),
(271, '', 7700, 'COLLAR FFDO P/PVC COMPLETO 315X19 MM', 541, 58754, 0, 1, 0),
(272, '', 7710, 'COLLAR FFDO P/PVC COMPLETO 355x13 MM', 543, 1535, 0, 1, 0),
(273, '', 7720, 'COLLAR FFDO P/PVC SOLO  75 X 13 MM', 545, 2205, 0, 1, 0),
(274, '', 7730, 'COLLAR FFDO P/PVC SOLO  75 X 19 MM', 547, 3780, 0, 1, 0),
(275, '', 7740, 'COLLAR FFDO P/PVC SOLO 110 X 25 MM', 549, 4259, 0, 1, 0),
(276, '', 7750, 'COLLAR FFDO P/PVC SOLO 160 X 19 MM', 551, 2863, 0, 1, 0),
(277, '', 7760, 'COLLAR FFDO P/ROCALIT COMPLETO  50X13 MM', 553, 4342, 0, 1, 0),
(278, '', 7770, 'COLLAR FFDO P/ROCALIT COMPLETO  75x13 MM', 555, 4520, 0, 1, 0),
(279, '', 7780, 'COLLAR FFDO P/ROCALIT COMPLETO  75X19 MM', 557, 3721, 0, 1, 0),
(280, '', 7790, 'COLLAR FFDO P/ROCALIT COMPLETO  75x25 MM', 559, 4992, 0, 1, 0),
(281, '', 7800, 'COLLAR FFDO P/ROCALIT COMPLETO 100X13 MM', 561, 5841, 0, 1, 0),
(282, '', 7810, 'COLLAR FFDO P/ROCALIT COMPLETO 100x19 MM', 563, 5954, 0, 1, 0),
(283, '', 7820, 'COLLAR FFDO P/ROCALIT COMPLETO 100X25 MM', 565, 9608, 0, 1, 0),
(284, '', 7830, 'COLLAR FFDO P/ROCALIT COMPLETO 100x38 MM', 567, 7593, 0, 1, 0),
(285, '', 7840, 'COLLAR FFDO P/ROCALIT COMPLETO 125X13 MM', 569, 8846, 0, 1, 0),
(286, '', 7850, 'COLLAR FFDO P/ROCALIT COMPLETO 125x19 MM', 571, 7407, 0, 1, 0),
(287, '', 7860, 'COLLAR FFDO P/ROCALIT COMPLETO 125X25 MM', 573, 9809, 0, 1, 0),
(288, '', 7870, 'COLLAR FFDO P/ROCALIT COMPLETO 150x13 MM', 575, 9969, 0, 1, 0),
(289, '', 7880, 'COLLAR FFDO P/ROCALIT COMPLETO 150X19 MM', 577, 30450, 0, 1, 0),
(290, '', 7890, 'COLLAR FFDO P/ROCALIT COMPLETO 150x38 MM', 579, 17029, 0, 1, 0),
(291, '', 7900, 'COLLAR FFDO P/ROCALIT COMPLETO 200x13 MM', 581, 28686, 0, 1, 0),
(292, '', 7910, 'COLLAR FFDO P/ROCALIT COMPLETO 200x19 MM', 583, 28686, 0, 1, 0),
(293, '', 7920, 'COLLAR FFDO P/ROCALIT COMPLETO 200x38 MM', 585, 24690, 0, 1, 0),
(294, '', 7930, 'COLLAR FFDO P/ROCALIT COMPLETO 250x13 MM', 587, 61290, 0, 1, 0),
(295, '', 7940, 'COLLAR FFDO P/ROCALIT COMPLETO 250x25 MM', 589, 69546, 0, 1, 0),
(296, '', 7950, 'COLLAR FFDO P/ROCALIT COMPLETO 300X13 MM', 591, 73952, 0, 1, 0),
(297, '', 7960, 'COLLAR FFDO P/ROCALIT COMPLETO 300x19 MM', 593, 15096, 0, 1, 0),
(298, '', 7970, 'COLLAR HDPE ELECTR COMPLETO 110 X 13 MM', 595, 15096, 0, 1, 0),
(299, '', 7980, 'COLLAR HDPE ELECTR COMPLETO 110 X 19 MM', 597, 15096, 0, 1, 0),
(300, '', 7990, 'COLLAR HDPE ELECTR COMPLETO 110 X 25 MM', 599, 15096, 0, 1, 0),
(301, '', 8000, 'COLLAR HDPE ELECTR COMPLETO 110 X 32 MM', 601, 54513, 0, 1, 0),
(302, '', 8010, 'COLLAR HDPE ELECTR COMPLETO 200 X 110 MM', 603, 2714, 0, 1, 0),
(303, '', 8020, 'COLLAR PVC COMPLETO 110X13 MM.', 605, 2653, 0, 1, 0),
(304, '', 8030, 'COLLAR PVC COMPLETO 75X13 MM.', 607, 680, 0, 1, 0),
(305, '', 8040, 'COPLA BRONCE HI HI  13 MM.', 609, 1519, 0, 1, 0),
(306, '', 8050, 'COPLA BRONCE HI HI  19 MM.', 611, 2281, 0, 1, 0),
(307, '', 8060, 'COPLA BRONCE HI HI  25 MM.', 613, 4942, 0, 1, 0),
(308, '', 8070, 'COPLA BRONCE HI HI  50 MM.', 615, 276, 0, 1, 0),
(309, '', 8080, 'COPLA BRONCE SO SO  13 MM.', 616, 596, 0, 1, 0),
(310, '', 8090, 'COPLA BRONCE SO SO  19 MM.', 614, 1089, 0, 1, 0),
(311, '', 8100, 'COPLA BRONCE SO SO  25 MM.', 621, 1068, 0, 1, 0),
(312, '', 8110, 'COPLA BRONCE SO SO  32 MM.', 623, 1877, 0, 1, 0),
(313, '', 8120, 'COPLA BRONCE SO SO  38 MM.', 625, 2902, 0, 1, 0),
(314, '', 8130, 'COPLA BRONCE SO SO  50 MM.', 627, 5943, 0, 1, 0),
(315, '', 8140, 'COPLA BRONCE SO SO  75 MM.', 629, 42624, 0, 1, 0),
(316, '', 8150, 'COPLA GALVANIZADA 150 MM C/HILO NPT', 631, 49793, 0, 1, 0),
(317, '', 8160, 'COPLA GALVANIZADA 200 MM C/HILO NPT', 633, 2108, 0, 1, 0),
(318, '', 8170, 'COPLA GALVANIZADA HI HI  63 MM.', 635, 7714, 0, 1, 0),
(319, '', 8180, 'COPLA GALVANIZADA HI HI 100 MM.', 637, 19779, 0, 1, 0),
(320, '', 8190, 'COPLA GALVANIZADA HI HI 150 MM.', 639, 2008, 0, 1, 0),
(321, '', 8200, 'COPLA HDPE ELECTROFUSIONADA D: 25 MM', 641, 46181, 0, 1, 0),
(322, '', 8210, 'COPLA HDPE ELECTROFUSIONADA D: 250 MM', 643, 1515, 0, 1, 0),
(323, '', 8220, 'COPLA HDPE ELECTROFUSIONADA D: 40 MM', 645, 2355, 0, 1, 0),
(324, '', 8230, 'COPLA HDPE ELECTROFUSIONADA D: 50 MM', 647, 8322, 0, 1, 0),
(325, '', 8240, 'COPLA HDPE ELECTROFUSIONADA PN 16 110 MM', 649, 51395, 0, 1, 0),
(326, '', 8250, 'COPLA HDPE ELECTROFUSIONADA PN 16 250 MM', 651, 5955, 0, 1, 0),
(327, '', 8260, 'COPLA HDPE ELECTROFUSIONADA PN 25 110 MM', 653, 9251, 0, 1, 0),
(328, '', 8270, 'COPLA HDPE ELECTROFUSIONADA PN 25 125 MM', 655, 10971, 0, 1, 0),
(329, '', 8280, 'COPLA HDPE ELECTROFUSIONADA PN 25 160 MM', 657, 1528, 0, 1, 0),
(330, '', 8290, 'COPLA HDPE ELECTROFUSIONADA PN 25 20 MM', 659, 19129, 0, 1, 0),
(331, '', 8300, 'COPLA HDPE ELECTROFUSIONADA PN 25 200 MM', 661, 52149, 0, 1, 0),
(332, '', 8310, 'COPLA HDPE ELECTROFUSIONADA PN 25 280 MM', 663, 74725, 0, 1, 0),
(333, '', 8320, 'COPLA HDPE ELECTROFUSIONADA PN 25 315 MM', 665, 1776, 0, 1, 0),
(334, '', 8330, 'COPLA HDPE ELECTROFUSIONADA PN 25 32 MM', 667, 121245, 0, 1, 0),
(335, '', 8340, 'COPLA HDPE ELECTROFUSIONADA PN 25 355 MM', 669, 7257, 0, 1, 0),
(336, '', 8350, 'COPLA HDPE ELECTROFUSIONADA PN 25 75 MM', 671, 56, 0, 1, 0),
(337, '', 8360, 'COPLA PVC C-10 CEMENTAR  25 MM.', 673, 93, 0, 1, 0),
(338, '', 8370, 'COPLA PVC C-10 CEMENTAR  32 MM.', 675, 255, 0, 1, 0),
(339, '', 8380, 'COPLA PVC C-10 CEMENTAR  40 MM.', 677, 308, 0, 1, 0),
(340, '', 8390, 'COPLA PVC C-10 CEMENTAR  50 MM.', 679, 531, 0, 1, 0),
(341, '', 8400, 'COPLA PVC C-10 CEMENTAR  63 MM.', 681, 3620, 0, 1, 0),
(342, '', 8410, 'COPLA PVC C-10 CEMENTAR  75 MM.', 683, 1332, 0, 1, 0),
(343, '', 8420, 'COPLA PVC C-10 CEMENTAR 110 MM.', 685, 39, 0, 1, 0),
(344, '', 8430, 'COPLA PVC C-16 CEMENTAR  20 MM.', 687, 39, 0, 1, 0),
(345, '', 8440, 'COPLA PVC DE 20 M/M', 689, 995, 0, 1, 0),
(346, '', 8450, 'COPLA PVC SANITARIA C/GOMA 110 MM', 691, 5409, 0, 1, 0),
(347, '', 8460, 'COPLA PVC SANITARIA C/GOMA 180 MM', 693, 11721, 0, 1, 0),
(348, '', 8470, 'COPLA PVC SANITARIA C/GOMA 200 MM', 695, 879, 0, 1, 0),
(349, '', 8480, 'COPLA PVC SANITARIA CEMENTAR 110 MM.', 697, 22403, 0, 1, 0),
(350, '', 8490, 'COPLA REDUC HDPE ELECTR PN 10 110X 90 MM', 699, 4179, 0, 1, 0),
(351, '', 8500, 'COPLA REDUC HDPE ELECTR PN 16 32 X 25 MM', 701, 7797, 0, 1, 0),
(352, '', 8510, 'COPLA REDUC HDPE ELECTR PN 16 40 X 32 MM', 703, 14001, 0, 1, 0),
(353, '', 8520, 'COPLA REDUC HDPE ELECTR PN 16 90 X 75 MM', 705, 546, 0, 1, 0),
(354, '', 8530, 'COPLA REDUCC. BRONCE SO SO 19X13 MM.', 707, 838, 0, 1, 0),
(355, '', 8540, 'COPLA REDUCC. BRONCE SO SO 25X13 MM.', 709, 1252, 0, 1, 0),
(356, '', 8550, 'COPLA REDUCC. BRONCE SO SO 25X19 MM.', 711, 1313, 0, 1, 0),
(357, '', 8560, 'COPLA REDUCC. BRONCE SO SO 32X13 MM.', 713, 1460, 0, 1, 0),
(358, '', 8570, 'COPLA REDUCC. BRONCE SO SO 32X19 MM.', 715, 1260, 0, 1, 0),
(359, '', 8580, 'COPLA REDUCC. BRONCE SO SO 32X25 MM.', 717, 5625, 0, 1, 0),
(360, '', 8590, 'COPLA REDUCC. BRONCE SO SO 38X13 MM.', 719, 1475, 0, 1, 0),
(361, '', 8600, 'COPLA REDUCC. BRONCE SO SO 38X25 MM.', 721, 2955, 0, 1, 0),
(362, '', 8610, 'COPLA REDUCC. BRONCE SO SO 38X32 MM.', 723, 3792, 0, 1, 0),
(363, '', 8620, 'COPLA REDUCC. BRONCE SO SO 50X38 MM.', 725, 1957, 0, 1, 0),
(364, '', 8630, 'COPLA REDUCC. GALVANIZADA HI HI 50X38 MM', 727, 851, 0, 1, 0),
(365, '', 8640, 'COPLA REDUCCION BRONCE SO HI 19 X 13 MM.', 729, 6886, 0, 1, 0),
(366, '', 8650, 'COPLA REDUCCION HDPE PN 16 25 X 20 MM', 731, 6663, 0, 1, 0),
(367, '', 8660, 'COPLA REPAR. PVC C-10 C/GOMA 110 MM', 733, 8521, 0, 1, 0),
(368, '', 8670, 'COPLA REPAR. PVC C-10 C/GOMA 125 MM', 735, 12234, 0, 1, 0),
(369, '', 8680, 'COPLA REPAR. PVC C-10 C/GOMA 140 MM', 737, 10859, 0, 1, 0),
(370, '', 8690, 'COPLA REPAR. PVC C-10 C/GOMA 160 MM', 739, 19483, 0, 1, 0),
(371, '', 8700, 'COPLA REPAR. PVC C-10 C/GOMA 200 MM', 741, 35081, 0, 1, 0),
(372, '', 8710, 'COPLA REPAR. PVC C-10 C/GOMA 250 MM', 743, 60972, 0, 1, 0),
(373, '', 8720, 'COPLA REPAR. PVC C-10 C/GOMA 315 MM', 745, 81825, 0, 1, 0),
(374, '', 8730, 'COPLA REPAR. PVC C-10 C/GOMA 355 MM', 747, 223529, 0, 1, 0),
(375, '', 8740, 'COPLA REPAR. PVC C-10 C/GOMA 400 MM', 749, 2582, 0, 1, 0),
(376, '', 8750, 'COPLA REPAR. PVC C-10 C/GOMA 63 MM', 751, 4412, 0, 1, 0),
(377, '', 8760, 'COPLA REPAR. PVC C-10 C/GOMA 75 MM', 753, 5826, 0, 1, 0),
(378, '', 8770, 'COPLA REPAR. PVC C-10 C/GOMA 90 MM', 755, 5477, 0, 1, 0),
(379, '', 8780, 'COPLA REPAR. PVC SANITARIA C/GOMA 160 MM', 757, 33809, 0, 1, 0),
(380, '', 8790, 'COPLA REPAR. PVC SANITARIA C/GOMA 250 MM', 759, 8027, 0, 1, 0),
(381, '', 8800, 'COPLA TRANS. HDPE ELECTRO PN 25 25X19 MM', 761, 9238, 0, 1, 0),
(382, '', 8810, 'COPLA TRANS. HDPE ELECTRO PN 25 32X25 MM', 763, 2876, 0, 1, 0),
(383, '', 8820, 'COPLA TRANS. HDPE ELECTRO PN 25 40X32 MM', 765, 258, 0, 1, 0),
(384, '', 8830, 'COPLA VALCO HI HI  20 MM.', 767, 495, 0, 1, 0),
(385, '', 8840, 'COPLA VALCO HI HI  25 MM.', 769, 735, 0, 1, 0),
(386, '', 8850, 'COPLA VALCO HI HI  32 MM.', 771, 63278, 0, 1, 0),
(387, '', 8860, 'CUERPO CAMARA C.C. 1200 X 1 M.', 773, 12801, 0, 1, 0),
(388, '', 8870, 'CURVA BRONCE HI HE 50 MM.', 775, 11601, 0, 1, 0),
(389, '', 8880, 'CURVA BRONCE HI HI 50 MM.', 777, 5966, 0, 1, 0),
(390, '', 8890, 'CURVA BRONCE SO SO 32 MM.', 779, 8495, 0, 1, 0),
(391, '', 8900, 'CURVA BRONCE SO SO 38 MM.', 781, 8936, 0, 1, 0),
(392, '', 8910, 'CURVA BRONCE SO SO 50 MM.', 783, 195006, 0, 1, 0),
(393, '', 8920, 'CURVA FFDO BRIDA BRIDA 1/16X350 MM', 785, 15536, 0, 1, 0),
(394, '', 8930, 'CURVA FFDO BRIDA BRIDA 1/4 X 75 MM', 787, 16312, 0, 1, 0),
(395, '', 8940, 'CURVA FFDO BRIDA BRIDA 1/4X100 MM', 789, 23100, 0, 1, 0),
(396, '', 8950, 'CURVA FFDO BRIDA BRIDA 1/4X125 MM', 791, 28313, 0, 1, 0),
(397, '', 8960, 'CURVA FFDO BRIDA BRIDA 1/4X150 MM', 793, 49619, 0, 1, 0),
(398, '', 8970, 'CURVA FFDO BRIDA BRIDA 1/4X200 MM', 795, 76565, 0, 1, 0),
(399, '', 8980, 'CURVA FFDO BRIDA BRIDA 1/4X250 MM PN10', 797, 165710, 0, 1, 0),
(400, '', 8990, 'CURVA FFDO BRIDA BRIDA 1/4X300 MM', 799, 155353, 0, 1, 0),
(401, '', 9000, 'CURVA FFDO BRIDA BRIDA 1/4X400 MM.', 801, 10781, 0, 1, 0),
(402, '', 9010, 'CURVA FFDO BRIDA BRIDA 1/4X50 MM.', 803, 9135, 0, 1, 0),
(403, '', 9020, 'CURVA FFDO BRIDA BRIDA 1/8 X 50 MM', 805, 14941, 0, 1, 0),
(404, '', 9030, 'CURVA FFDO BRIDA BRIDA 1/8 X 75 MM', 807, 17238, 0, 1, 0),
(405, '', 9040, 'CURVA FFDO BRIDA BRIDA 1/8X100 MM', 809, 21000, 0, 1, 0),
(406, '', 9050, 'CURVA FFDO BRIDA BRIDA 1/8X125 MM', 811, 28543, 0, 1, 0),
(407, '', 9060, 'CURVA FFDO BRIDA BRIDA 1/8X150 MM', 813, 58955, 0, 1, 0),
(408, '', 9070, 'CURVA FFDO BRIDA BRIDA 1/8X200 MM', 815, 178500, 0, 1, 0),
(409, '', 9080, 'CURVA FFDO BRIDA BRIDA 1/8X300 MM', 817, 109228, 0, 1, 0),
(410, '', 9090, 'CURVA FFDO BRIDA BRIDA 1/8X350 MM', 819, 47250, 0, 1, 0),
(411, '', 9100, 'CURVA FFDO GIBAULT GIBAULT 1/16X100 MM', 821, 75969, 0, 1, 0),
(412, '', 9110, 'CURVA FFDO GIBAULT GIBAULT 1/16X300 MM', 823, 195006, 0, 1, 0),
(413, '', 9120, 'CURVA FFDO GIBAULT GIBAULT 1/16X350 MM', 825, 65362, 0, 1, 0),
(414, '', 9130, 'CURVA FFDO GIBAULT GIBAULT 1/8X300 MM', 827, 193003, 0, 1, 0),
(415, '', 9140, 'CURVA FFDO. B.B. 1/4X350 MM.', 829, 88508, 0, 1, 0),
(416, '', 9150, 'CURVA FFDO. B.B. 1/8X250 MM.', 831, 67101, 0, 1, 0),
(417, '', 9160, 'CURVA FFDO. G.G. 1/4X200 MM.', 833, 79050, 0, 1, 0),
(418, '', 9170, 'CURVA FFDO. G.G. 1/8X250 MM.', 835, 1959, 0, 1, 0),
(419, '', 9180, 'CURVA GALVANIZADA  32 MM', 837, 2745, 0, 1, 0),
(420, '', 9190, 'CURVA GALVANIZADA  50 MM', 839, 6890, 0, 1, 0),
(421, '', 9200, 'CURVA PVC C-10 C/GOMA 1/16 X 110 MM', 841, 15548, 0, 1, 0),
(422, '', 9210, 'CURVA PVC C-10 C/GOMA 1/16 X 160 MM', 843, 135453, 0, 1, 0),
(423, '', 9220, 'CURVA PVC C-10 C/GOMA 1/16 X 315 MM', 845, 141438, 0, 1, 0),
(424, '', 9230, 'CURVA PVC C-10 C/GOMA 1/16 X 355 MM', 847, 18136, 0, 1, 0),
(425, '', 9240, 'CURVA PVC C-10 C/GOMA 1/16 X 400 MM', 849, 2718, 0, 1, 0),
(426, '', 9250, 'CURVA PVC C-10 C/GOMA 1/4 X  75 MM', 851, 3250, 0, 1, 0),
(427, '', 9260, 'CURVA PVC C-10 C/GOMA 1/4 X  90 MM', 853, 6895, 0, 1, 0),
(428, '', 9270, 'CURVA PVC C-10 C/GOMA 1/4 X 110 MM', 855, 18075, 0, 1, 0),
(429, '', 9280, 'CURVA PVC C-10 C/GOMA 1/4 X 160 MM', 857, 47347, 0, 1, 0),
(430, '', 9290, 'CURVA PVC C-10 C/GOMA 1/4 X 200 MM', 859, 41057, 0, 1, 0),
(431, '', 9300, 'CURVA PVC C-10 C/GOMA 1/4 X 250 MM', 861, 109869, 0, 1, 0),
(432, '', 9310, 'CURVA PVC C-10 C/GOMA 1/4 X 315 MM', 863, 249924, 0, 1, 0),
(433, '', 9320, 'CURVA PVC C-10 C/GOMA 1/4 X 355 MM', 865, 2448, 0, 1, 0),
(434, '', 9330, 'CURVA PVC C-10 C/GOMA 1/8 X  75 MM', 867, 9924, 0, 1, 0),
(435, '', 9340, 'CURVA PVC C-10 C/GOMA 1/8 X 140 MM.', 869, 33894, 0, 1, 0),
(436, '', 9350, 'CURVA PVC C-10 C/GOMA 1/8 X 200 MM', 871, 95358, 0, 1, 0),
(437, '', 9360, 'CURVA PVC C-10 C/GOMA 1/8 X 315 MM', 873, 165057, 0, 1, 0),
(438, '', 9370, 'CURVA PVC C-10 C/GOMA 1/8 X 355 MM.', 875, 327929, 0, 1, 0),
(439, '', 9380, 'CURVA PVC C-10 C/GOMA 1/8 X 400 MM', 877, 13761, 0, 1, 0),
(440, '', 9390, 'CURVA PVC C-10 CEMENTAR 1/4 X 160 MM.', 879, 3402, 0, 1, 0),
(441, '', 9400, 'ESCALINES GALVANIZADOS', 881, 268891, 0, 1, 0),
(442, '', 9410, 'FILTRO FFDO TIPO Y BRIDA BRIDA 200 MM', 883, 40891, 0, 1, 0),
(443, '', 9420, 'FILTRO FFDO TIPO Y BRIDA BRIDA PN10  80', 885, 45542, 0, 1, 0),
(444, '', 9430, 'FILTRO FFDO TIPO Y BRIDA BRIDA PN10 100', 887, 229967, 0, 1, 0),
(445, '', 9440, 'FILTRO FFDO TIPO Y BRIDA BRIDA PN10 150', 889, 48610, 0, 1, 0),
(446, '', 9450, 'FILTRO FFDO TIPO Y BRIDA BRIDA PN16  50', 891, 46102, 0, 1, 0),
(447, '', 9460, 'FILTRO FFDO TIPO Y BRIDA BRIDA PN16  80', 893, 54915, 0, 1, 0),
(448, '', 9470, 'FILTRO FFDO TIPO Y BRIDA BRIDA PN16 100', 895, 103425, 0, 1, 0),
(449, '', 9480, 'FILTRO FFDO TIPO Y BRIDA BRIDA PN16 150', 897, 882, 0, 1, 0),
(450, '', 9490, 'FLANGE GOMA 160 MM', 899, 462, 0, 1, 0),
(451, '', 9500, '"FLANGE NEOPREN 100 MM. X 1/8"""', 901, 725, 0, 1, 0),
(452, '', 9510, 'FLANGE NEOPREN 125 MM.', 903, 2625, 0, 1, 0),
(453, '', 9520, 'FLANGE NEOPREN 150 MM.', 905, 935, 0, 1, 0),
(454, '', 9530, 'FLANGE NEOPREN 200 MM.', 907, 1040, 0, 1, 0),
(455, '', 9540, 'FLANGE NEOPREN 250 MM', 909, 2615, 0, 1, 0),
(456, '', 9550, 'FLANGE NEOPREN 300 MM.', 911, 4043, 0, 1, 0),
(457, '', 9560, 'FLANGE NEOPREN 350 MM.', 913, 5990, 0, 1, 0),
(458, '', 9570, 'FLANGE NEOPREN 400 MM.', 915, 413, 0, 1, 0),
(459, '', 9580, 'FLANGE NEOPREN 50 MM.', 917, 410, 0, 1, 0),
(460, '', 9590, 'FLANGE NEOPREN 75 MM.', 919, 47575, 0, 1, 0),
(461, '', 9600, 'FLANGE PARA STUB-END D:315 MM.', 921, 50860, 0, 1, 0),
(462, '', 9610, 'FLANGE PARA STUB-END D:325 MM.', 923, 60900, 0, 1, 0),
(463, '', 9620, 'FLANGE PARA STUB-END D:350 MM.', 925, 37, 0, 1, 0),
(464, '', 9630, 'GOLILLA PLASTICA P/MEDIDOR 13 MM.', 927, 42, 0, 1, 0),
(465, '', 9640, 'GOLILLA PLASTICA P/MEDIDOR 19 MM', 929, 105, 0, 1, 0),
(466, '', 9650, 'GOLILLA PLASTICA P/MEDIDOR 25 MM', 931, 200, 0, 1, 0),
(467, '', 9660, 'GOLILLA PLASTICA P/MEDIDOR 32 MM', 933, 111, 0, 1, 0),
(468, '', 9670, 'GOLILLA PLASTICA P/MEDIDOR 38 MM', 935, 79, 0, 1, 0),
(469, '', 9680, 'GOLILLAS NIPLE 38 MM.', 937, 315, 0, 1, 0),
(470, '', 9690, 'GOMA P/PVC ANGER  63 MM', 939, 621, 0, 1, 0),
(471, '', 9700, 'GOMA P/PVC ANGER  75 MM', 941, 630, 0, 1, 0),
(472, '', 9710, 'GOMA P/PVC ANGER  90 MM', 943, 741, 0, 1, 0),
(473, '', 9720, 'GOMA P/PVC ANGER 110 MM', 945, 980, 0, 1, 0),
(474, '', 9730, 'GOMA P/PVC ANGER 125 MM', 947, 1150, 0, 1, 0),
(475, '', 9740, 'GOMA P/PVC ANGER 140 MM', 949, 1771, 0, 1, 0),
(476, '', 9750, 'GOMA P/PVC ANGER 160 MM', 951, 2032, 0, 1, 0),
(477, '', 9760, 'GOMA P/PVC ANGER 200 MM', 953, 2676, 0, 1, 0),
(478, '', 9770, 'GOMA P/PVC ANGER 250 MM', 955, 6237, 0, 1, 0),
(479, '', 9780, 'GOMA P/PVC ANGER 315 MM', 957, 4320, 0, 1, 0),
(480, '', 9790, 'GOMA P/PVC ANGER 355 MM', 959, 407, 0, 1, 0),
(481, '', 9800, 'GOMA P/UNION GIBAULT 150 MM', 961, 5617, 0, 1, 0),
(482, '', 9810, 'GOMA P/UNION GIBAULT 24 X 345 MM', 963, 2676, 0, 1, 0),
(483, '', 9820, 'GOMA P/UNION GIBAULT 300 MM', 965, 2859, 0, 1, 0),
(484, '', 9830, 'GOMA P/UNION GIBAULT 350 MM', 967, 1389, 0, 1, 0),
(485, '', 9840, 'GOMA VALVULA GRIFO', 969, 1042, 0, 1, 0),
(486, '', 9850, 'GOMAS ANGER C-10 180 MM', 971, 90845, 0, 1, 0),
(487, '', 9860, 'GRIFO COLUMNA CABEZAL BRIDA  75 MM.', 973, 205800, 0, 1, 0),
(488, '', 9870, 'GRIFO COLUMNA CABEZAL BRIDA 100 MM.ESVAL', 975, 15960, 0, 1, 0),
(489, '', 9880, 'GUARDA LLAVE FFDO', 899, 817, 0, 1, 0),
(490, '', 9890, 'HILO BRONCE CORTO 13 MM.', 979, 788, 0, 1, 0),
(491, '', 9900, 'HILO BRONCE CORTO 19 MM.', 981, 1950, 0, 1, 0),
(492, '', 9910, 'HILO BRONCE CORTO 32 MM.', 983, 2886, 0, 1, 0),
(493, '', 9920, 'HILO BRONCE CORTO 38 MM.', 985, 2680, 0, 1, 0),
(494, '', 9930, 'HILO BRONCE CORTO 50 MM.', 987, 474, 0, 1, 0),
(495, '', 9940, 'HILO BUSHING GALVANIZADO 32X19 MM', 989, 9921, 0, 1, 0),
(496, '', 9950, 'HILO BUSHING GALVANIZADO 4X3', 991, 4343, 0, 1, 0),
(497, '', 9960, 'HILO GALVANIZADO 50 MM', 993, 840, 0, 1, 0),
(498, '', 9970, 'HOJA SIERRA CORRIENTE AC. RAPIDO SANDVIK', 995, 1040, 0, 1, 0),
(499, '', 9980, 'LLAVE ANGULAR BRONCE HI HI 13 MM.', 995, 1718, 0, 1, 0),
(500, '', 9990, 'LLAVE BRONCE P/JARDIN 13 MM', 999, 1334, 0, 1, 0),
(501, '', 10000, '"LLAVE BRONCE PARA JARDIN HE 1/2"""', 1001, 4214, 0, 1, 0),
(502, '', 10010, 'LLAVE COLLAR BRONCE HE HE  13 MM.', 1003, 5094, 0, 1, 0),
(503, '', 10020, 'LLAVE COLLAR BRONCE HE HE  19 MM.', 955, 10782, 0, 1, 0),
(504, '', 10030, 'LLAVE COLLAR BRONCE HE HE  25 MM.', 940, 38387, 0, 1, 0),
(505, '', 10040, 'LLAVE COLLAR BRONCE HE HE  32 MM.', 989, 49784, 0, 1, 0),
(506, '', 10050, 'LLAVE COLLAR BRONCE HE HE  38 MM.', 1011, 55878, 0, 1, 0),
(507, '', 10060, 'LLAVE COLLAR BRONCE HE HE  50 MM.', 1003, 4457, 0, 1, 0),
(508, '', 10070, 'LLAVE COLLAR BRONCE HE HI 13 MM.', 1003, 12085, 0, 1, 0),
(509, '', 10080, 'LLAVE COMPUERTA BRONCE HI HI 32 MM', 977, 7104, 0, 1, 0),
(510, '', 10090, 'LLAVE COMPUERTA BRONCE HI HI 38 MM', 999, 22171, 0, 1, 0),
(511, '', 10100, 'LLAVE COMPUERTA BRONCE HI HI 50 MM', 1021, 25018, 0, 1, 0),
(512, '', 10110, 'LLAVE COMPUERTA BRONCE S.S. 32 MM.', 943, 17085, 0, 1, 0),
(513, '', 10120, 'LLAVE COMPUERTA BRONCE S.S. 38 MM.', 948, 29773, 0, 1, 0),
(514, '', 10130, 'LLAVE COMPUERTA BRONCE S.S. 50 MM.', 1027, 9363, 0, 1, 0),
(515, '', 10140, '"LLAVE PASO BOLA BR. ANTIFRAUDE HE HE 1"""', 1003, 4918, 0, 1, 0),
(516, '', 10150, '"LLAVE PASO BOLA BR.ANTIFRAUDE HE HE 3/4"""', 1009, 3143, 0, 1, 0),
(517, '', 10160, 'LLAVE PASO BRONCE HE HI 13 MM.', 932, 4050, 0, 1, 0),
(518, '', 10170, 'LLAVE PASO BRONCE HE HI 19 MM.', 1035, 2706, 0, 1, 0),
(519, '', 10180, 'LLAVE PASO BRONCE HI HI 13 MM.', 1037, 6724, 0, 1, 0),
(520, '', 10190, 'LLAVE PASO BRONCE HI HI 19 MM.', 1039, 13419, 0, 1, 0),
(521, '', 10200, 'LLAVE PASO BRONCE HI HI 25 MM.', 1041, 22967, 0, 1, 0),
(522, '', 10210, 'LLAVE PASO BRONCE HI HI 32 MM.', 1043, 33701, 0, 1, 0),
(523, '', 10220, 'LLAVE PASO BRONCE HI HI 38 MM.', 1045, 41960, 0, 1, 0),
(524, '', 10230, 'LLAVE PASO BRONCE HI HI 50 MM.', 1047, 1997, 0, 1, 0),
(525, '', 10240, 'LLAVE PASO BRONCE SO SO 13 MM.', 1049, 4830, 0, 1, 0),
(526, '', 10250, 'LLAVE PASO BRONCE SO SO 19 MM.', 1051, 7492, 0, 1, 0),
(527, '', 10260, 'LLAVE PASO BRONCE SO SO 25 MM.', 1053, 16038, 0, 1, 0),
(528, '', 10270, 'LLAVE PASO BRONCE SO SO 32 MM.', 1055, 21225, 0, 1, 0),
(529, '', 10280, 'LLAVE PASO BRONCE SO SO 38 MM.', 1057, 30150, 0, 1, 0),
(530, '', 10290, 'LLAVE PASO BRONCE SO SO 50 MM.', 1059, 4352, 0, 1, 0),
(531, '', 10300, 'LLAVE PASO DE BOLA HI 13 MM', 1061, 8029, 0, 1, 0),
(532, '', 10310, 'LLAVE PASO DE BOLA HI 19 MM', 1063, 12242, 0, 1, 0),
(533, '', 10320, 'LLAVE PASO DE BOLA HI 25 MM', 1065, 21027, 0, 1, 0),
(534, '', 10330, 'LLAVE PASO DE BOLA HI 32 MM', 1067, 28224, 0, 1, 0),
(535, '', 10340, 'LLAVE PASO DE BOLA HI 38 MM', 1069, 39755, 0, 1, 0),
(536, '', 10350, 'LLAVE PASO DE BOLA HI 50 MM', 1071, 25843, 0, 1, 0),
(537, '', 10360, 'LLAVE PASO DE BOLA HI 63 MM', 1073, 173669, 0, 1, 0),
(538, '', 10370, 'LLAVE PASO DE BOLA HI 75MM', 1075, 2350, 0, 1, 0),
(539, '', 10380, 'LUBRICANTE EN POTE P/PVC 500 CC', 1077, 63006, 0, 1, 0),
(540, '', 10390, 'MANGUITO FFDO BG 300 MM', 1079, 97395, 0, 1, 0),
(541, '', 10400, 'MANGUITO FFDO BG 350 MM', 1081, 53380, 0, 1, 0),
(542, '', 10410, 'MANGUITO FFDO ENCHUFE ENCHUFE 300 MM.', 1083, 19000, 0, 1, 0),
(543, '', 10420, 'MANGUITO FFDO ENCHUFE ENCHUFE 350 MM.', 1085, 67208, 0, 1, 0),
(544, '', 10430, 'MANGUITO FFDO ENCHUFE ENCHUFE 375 MM.', 1087, 3511, 0, 1, 0),
(545, '', 10440, 'MARCO CEMENTO COMPRIMIDO 0,6 X 0,6 M.', 1089, 7673, 0, 1, 0),
(546, '', 10450, 'MODULO CEMENTO COMPRIMIDO 30 X 60 CM', 1091, 11365, 0, 1, 0),
(547, '', 10460, 'MODULO CEMENTO COMPRIMIDO 60 X 60 CM', 1093, 1351, 0, 1, 0),
(548, '', 10470, 'MONTURA PVC SANITARIA 160 X 110 MM', 1095, 4150, 0, 1, 0),
(549, '', 10480, 'MONTURA PVC SANITARIA 180 X 110 MM', 1097, 5300, 0, 1, 0),
(550, '', 10490, 'MONTURA PVC SANITARIA 200 X 110 MM', 1099, 4679, 0, 1, 0),
(551, '', 10500, 'NICHO DE CEMENTO PARA MEDIDOR CHICO', 1101, 11613, 0, 1, 0),
(552, '', 10510, 'NICHO DE CEMENTO PARA MEDIDOR GRANDE', 1103, 1524, 0, 1, 0),
(553, '', 10520, 'NIPLE BRONCE P/MEDIDOR 13 MM.', 1105, 1956, 0, 1, 0),
(554, '', 10530, 'NIPLE BRONCE P/MEDIDOR 19 MM.', 1107, 4173, 0, 1, 0),
(555, '', 10540, 'NIPLE BRONCE P/MEDIDOR 25 MM.', 1109, 7191, 0, 1, 0),
(556, '', 10550, 'NIPLE BRONCE P/MEDIDOR 38 MM.', 1111, 6300, 0, 1, 0),
(557, '', 10560, 'NIPLE BRONCE P/MEDIDOR 50 MM.', 1113, 6366, 0, 1, 0),
(558, '', 10570, 'PASTA PARA SOLDAR (ENVASE 100 GRS.)', 1115, 98, 0, 1, 0),
(559, '', 10580, '"PERNO ACERO GR-2 C/TUERCA 1/2"" X 2 1/2"""', 1117, 149, 0, 1, 0),
(560, '', 10590, '"PERNO ACERO GR-2 C/TUERCA 1/2"" X 3 1/2"""', 1119, 444, 0, 1, 0),
(561, '', 10600, '"PERNO ACERO GR-2 C/TUERCA 1/2"" X 3"""', 1121, 288, 0, 1, 0),
(562, '', 10610, '"PERNO ACERO GR-2 C/TUERCA 1/2"" X 5"""', 1123, 291, 0, 1, 0),
(563, '', 10620, '"PERNO ACERO GR-2 C/TUERCA 3/4"" X 2 1/2"""', 1125, 291, 0, 1, 0),
(564, '', 10630, '"PERNO ACERO GR-2 C/TUERCA 3/4"" X 3 1/2"""', 1127, 308, 0, 1, 0),
(565, '', 10640, '"PERNO ACERO GR-2 C/TUERCA 3/4"" X 3"""', 1129, 135, 0, 1, 0),
(566, '', 10650, '"PERNO ACERO GR-2 C/TUERCA 5/8"" X 1 1/2"""', 1131, 222, 0, 1, 0),
(567, '', 10660, '"PERNO ACERO GR-2 C/TUERCA 5/8"" X 2 1/2"""', 1133, 133, 0, 1, 0),
(568, '', 10670, '"PERNO ACERO GR-2 C/TUERCA 5/8"" X 2"""', 1135, 236, 0, 1, 0),
(569, '', 10680, '"PERNO ACERO GR-2 C/TUERCA 5/8"" X 3"""', 1137, 353, 0, 1, 0),
(570, '', 10690, '"PERNO ACERO GR-2 C/TUERCA 5/8"" X 5 1/2"""', 1139, 404, 0, 1, 0),
(571, '', 10700, '"PERNO ACERO GR-2 C/TUERCA 5/8"" X 6"""', 1141, 451, 0, 1, 0),
(572, '', 10710, '"PERNO ACERO GR-2 C/TUERCA 5/8"" X 7"""', 1143, 706, 0, 1, 0),
(573, '', 10720, '"PERNO ACERO INOX C/TUERCA 1/2"" X 4 1/2"""', 1145, 241, 0, 1, 0),
(574, '', 10730, '"PERNO ACERO INOX C/TUERCA 3/8"" X 2 1/2"""', 1147, 1880, 0, 1, 0),
(575, '', 10740, '"PERNO ACERO INOX C/TUERCA 5/8"" X 3 1/2"""', 1149, 889, 0, 1, 0),
(576, '', 10750, '"PERNO ACERO INOX C/TUERCA 5/8"" X 3"""', 1151, 1517, 0, 1, 0),
(577, '', 10760, '"PERNO ACERO INOX C/TUERCA 5/8"" X 6"""', 1153, 271, 0, 1, 0),
(578, '', 10770, '"PERNO GALV. C/TUERCA 5/8"" X 2 1/2"""', 1155, 218, 0, 1, 0),
(579, '', 10780, '"PERNO GALV. C/TUERCA 5/8"" X 3"""', 1157, 452, 0, 1, 0),
(580, '', 10790, '"PERNO GALVANIZADO C/TUERCA 3/4 X 3"" Esval"', 1159, 259, 0, 1, 0),
(581, '', 10800, '"PERNO GALVANIZADO C/TUERCA 5/8"" X 3 1/2"""', 1161, 315, 0, 1, 0),
(582, '', 10810, '"PERNO HEXAGONAL C/TUERCA 3/4"" X 3 1/2"""', 1163, 159, 0, 1, 0),
(583, '', 10820, 'PLIEGO DE LIJA ESMERIL N° 1', 1165, 127254, 0, 1, 0),
(584, '', 10830, 'REDUCCION FFDO  G.G. 350 X 200 MM', 1167, 24994, 0, 1, 0),
(585, '', 10840, 'REDUCCION FFDO B.B. 150 X 100 MM L:0,4 M', 1169, 65646, 0, 1, 0),
(586, '', 10850, 'REDUCCION FFDO B.B. 200 X 125 MM', 1171, 34650, 0, 1, 0),
(587, '', 10860, 'REDUCCION FFDO B.B. 200 X 150 MM', 1173, 23539, 0, 1, 0),
(588, '', 10870, 'REDUCCION FFDO B.B. 200 X 75 MM', 1175, 71871, 0, 1, 0),
(589, '', 10880, 'REDUCCION FFDO B.B. 250 X 150 MM', 1177, 11675, 0, 1, 0),
(590, '', 10890, 'REDUCCION FFDO B.B. 75 X 50 MM L:0,2 M', 1179, 14099, 0, 1, 0),
(591, '', 10900, 'REDUCCION FFDO. B.B. 100 X 50 MM', 1181, 14045, 0, 1, 0),
(592, '', 10910, 'REDUCCION FFDO. B.B. 100 X 75 MM L:0,2 M', 1183, 68229, 0, 1, 0),
(593, '', 10920, 'REDUCCION FFDO. B.B. 125X100 MM L:0.4 M', 1185, 22874, 0, 1, 0),
(594, '', 10930, 'REDUCCION FFDO. B.B. 150 X 75 MM', 1187, 40938, 0, 1, 0),
(595, '', 10940, 'REDUCCION FFDO. B.B. 200 X 100  MM', 1189, 73213, 0, 1, 0),
(596, '', 10950, 'REDUCCION FFDO. B.B. 300 X 150 MM.', 1191, 140695, 0, 1, 0),
(597, '', 10960, 'REDUCCION FFDO. B.B. 300 X 200 MM', 1193, 128104, 0, 1, 0),
(598, '', 10970, 'REDUCCION FFDO. B.B. 300 X 250 MM', 1195, 82576, 0, 1, 0),
(599, '', 10980, 'REDUCCION FFDO. B.B. 350 X 250 MM.', 1197, 281600, 0, 1, 0),
(600, '', 10990, 'REDUCCION FFDO. B.B. 350 X 300 MM.', 1199, 25395, 0, 1, 0),
(601, '', 11000, 'REDUCCION FFDO. G.G. 150 X 75 MM', 1201, 22892, 0, 1, 0),
(602, '', 11010, 'REDUCCION HDPE ELECTRO DN 160x110 MM', 1203, 3453, 0, 1, 0),
(603, '', 11020, 'REDUCCION HDPE ELECTROFUSION DN 32-25 MM', 1205, 7665, 0, 1, 0),
(604, '', 11030, 'REDUCCION HDPE ELECTROFUSION DN 63-32 MM', 1207, 52910, 0, 1, 0),
(605, '', 11040, 'REDUCCION PVC 355 X 315 MM.', 1209, 65739, 0, 1, 0),
(606, '', 11050, 'REDUCCION PVC ANGER 315 X 250 MM.', 1211, 8341, 0, 1, 0),
(607, '', 11060, 'REDUCCION PVC C-10 ANGER 125 X 110 MM', 1213, 12978, 0, 1, 0),
(608, '', 11070, 'REDUCCION PVC C-10 ANGER 140 X 110 MM', 1215, 1031, 0, 1, 0),
(609, '', 11080, 'REDUCCION PVC C-10 ANGER 63 X 50 MM', 1217, 5985, 0, 1, 0),
(610, '', 11090, 'REDUCCION PVC C-10 C. ESPIGA 110 X 75 MM', 1219, 14765, 0, 1, 0),
(611, '', 11100, 'REDUCCION PVC C-10 C. ESPIGA 140 X 125 M', 1221, 2468, 0, 1, 0),
(612, '', 11110, 'REDUCCION PVC C-10 C/GOMA 110 X 75 MM', 1223, 18626, 0, 1, 0),
(613, '', 11120, 'REDUCCION PVC C-10 C/GOMA 160 X 110 MM', 1225, 18915, 0, 1, 0),
(614, '', 11130, 'REDUCCION PVC C-10 C/GOMA 200 X 160 MM.', 1227, 36046, 0, 1, 0),
(615, '', 11140, 'REDUCCION PVC C-10 C/GOMA 250 X 200 MM', 1229, 29921, 0, 1, 0),
(616, '', 11150, 'REDUCCION PVC C-10 C/GOMA 355 X 315 MM.', 1231, 1741, 0, 1, 0),
(617, '', 11160, 'REDUCCION PVC C-10 C/GOMA 75 X 63 MM', 1233, 2397, 0, 1, 0),
(618, '', 11170, 'REDUCCION PVC C-10 C/GOMA 90 X 75 MM', 1235, 141, 0, 1, 0),
(619, '', 11180, 'REDUCCION PVC C-10 CEMENTAR  25 X 20 MM.', 1237, 208, 0, 1, 0),
(620, '', 11190, 'REDUCCION PVC C-10 CEMENTAR  32 X  25 MM', 1239, 93, 0, 1, 0),
(621, '', 11200, 'REDUCCION PVC C-10 CEMENTAR  40 X  32 MM', 1241, 383, 0, 1, 0),
(622, '', 11210, 'REDUCCION PVC C-10 CEMENTAR  63 X  50 MM', 1243, 5219, 0, 1, 0),
(623, '', 11220, 'REDUCCION PVC SANITARIA C/GOMA 160 X 110', 1245, 15691, 0, 1, 0),
(624, '', 11230, 'REDUCCION PVC SANITARIA C/GOMA 200 X 160', 1247, 14490, 0, 1, 0),
(625, '', 11240, 'REDUCCION PVC SANITARIA C/GOMA 200 X250M', 1249, 29710, 0, 1, 0),
(626, '', 11250, 'REDUCCION PVC SANITARIA C/GOMA 315 X 250', 1251, 411, 0, 1, 0),
(627, '', 11260, 'REDUCCION PVC SANITARIA CEM 75 X 50 MM', 1253, 555, 0, 1, 0),
(628, '', 11270, 'REDUCCION PVC SANITARIA CENT. 40 X 32 MM', 1255, 276, 0, 1, 0),
(629, '', 11280, 'REDUCCION PVC SANITARIA CENT. 50 X 40 MM', 1257, 15172, 0, 1, 0),
(630, '', 11290, 'SOLDADURA ESTAÑO 50% (CARRETE 1/2 KG)', 1259, 17673, 0, 1, 0),
(631, '', 11300, 'STUB END HDPE PN10  160 MM. C/FLANGE', 1261, 9594, 0, 1, 0),
(632, '', 11310, 'STUB END HDPE PN10 110 MM C/FLANGE', 1263, 5934, 0, 1, 0),
(633, '', 11320, 'STUB END HDPE PN10 125 MM', 1265, 13229, 0, 1, 0),
(634, '', 11330, 'STUB END HDPE PN10 200 MM', 1267, 19570, 0, 1, 0),
(635, '', 11340, 'STUB END HDPE PN10 250 MM', 1269, 29120, 0, 1, 0),
(636, '', 11350, 'STUB END HDPE PN10 315 MM', 1271, 37690, 0, 1, 0),
(637, '', 11360, 'STUB END HDPE PN10 355 MM.', 1273, 147608, 0, 1, 0),
(638, '', 11370, 'STUB END HDPE PN10 400 MM', 1275, 3289, 0, 1, 0),
(639, '', 11380, 'STUB END HDPE PN10 75 MM', 1277, 37488, 0, 1, 0),
(640, '', 11390, 'STUB END HDPE PN12,5 355 MM', 1279, 12255, 0, 1, 0),
(641, '', 11400, 'STUB END HDPE PN6  225 MM.', 1281, 25113, 0, 1, 0),
(642, '', 11410, 'STUB END HDPE PN6  280 MM.', 1283, 26319, 0, 1, 0),
(643, '', 11420, 'STUB END HDPE PN6  315 MM.', 1285, 28373, 0, 1, 0),
(644, '', 11430, 'TAPA ALCANT. CIRCULAR T/VEREDA SOLA 0,70', 1287, 9426, 0, 1, 0),
(645, '', 11440, 'TAPA BOQUILLA C/CADENA P/GRIFO 100 MM', 1289, 41804, 0, 1, 0),
(646, '', 11450, 'TAPA CALZADA CIR/CONC AGUA POTABLE 0,7', 1291, 34556, 0, 1, 0),
(647, '', 11460, 'TAPA CALZADA CIR/CONC ALCANTARILLADO 0,7', 1293, 83265, 0, 1, 0),
(648, '', 11470, 'TAPA CAMARA CIRC. ARTICULADA D400 A. POT', 1295, 79275, 0, 1, 0),
(649, '', 11480, 'TAPA CAMARA CIRC. ARTICULADA D400 ALCANT', 1297, 7749, 0, 1, 0),
(650, '', 11490, 'TAPA CEMENTO COMPRIMIDO CIRCULAR 60 CM', 1299, 7634, 0, 1, 0),
(651, '', 11500, 'TAPA INTERIOR CEMTO. COMPRIMIDO 60X60 CM', 1301, 468, 0, 1, 0),
(652, '', 11510, 'TAPAGORRO BRONCE HI 13 MM.', 1303, 791, 0, 1, 0),
(653, '', 11520, 'TAPAGORRO BRONCE HI 19 MM.', 1305, 1921, 0, 1, 0),
(654, '', 11530, 'TAPAGORRO BRONCE HI 25 MM.', 1307, 252, 0, 1, 0),
(655, '', 11540, 'TAPAGORRO BRONCE SOLDAR 13 MM.', 1309, 1250, 0, 1, 0),
(656, '', 11550, 'TAPAGORRO BRONCE SOLDAR 32 MM.', 1311, 3367, 0, 1, 0),
(657, '', 11560, 'TAPAGORRO BRONCE SOLDAR 38 MM.', 1313, 2778, 0, 1, 0),
(658, '', 11570, 'TAPAGORRO BRONCE SOLDAR 50 MM.', 1315, 476, 0, 1, 0),
(659, '', 11580, 'TAPATORNILLO BRONCE HE 13 MM', 1317, 1384, 0, 1, 0),
(660, '', 11590, 'TAPATORNILLO BRONCE HE 25 MM', 1319, 14585, 0, 1, 0),
(661, '', 11600, 'TAPING TEE HDPE PN16 PE100  110 X 19 MM', 1321, 31530, 0, 1, 0),
(662, '', 11610, 'TAPING TEE HDPE PN16 PE100  160 X 19 MM', 1323, 14519, 0, 1, 0),
(663, '', 11620, 'TAPING TEE HDPE PN16 PE100 110 X 25 MM', 1325, 14742, 0, 1, 0),
(664, '', 11630, 'TAPING TEE HDPE PN16 PE100 110 X 32 MM', 1327, 20079, 0, 1, 0),
(665, '', 11640, 'TAPING TEE HDPE PN16 PE100 110 X 40 MM', 1329, 22448, 0, 1, 0),
(666, '', 11650, 'TAPING TEE HDPE PN16 PE100 125 X 20 MM', 1331, 22448, 0, 1, 0),
(667, '', 11660, 'TAPING TEE HDPE PN16 PE100 125 X 32 MM', 1333, 22448, 0, 1, 0),
(668, '', 11670, 'TAPING TEE HDPE PN16 PE100 125 X 40 MM', 1335, 25389, 0, 1, 0),
(669, '', 11680, 'TAPING TEE HDPE PN16 PE100 160 X 25 MM', 1337, 22207, 0, 1, 0),
(670, '', 11690, 'TAPING TEE HDPE PN16 PE100 75 X 25 MM', 1339, 22207, 0, 1, 0),
(671, '', 11700, 'TAPING TEE HDPE PN16 PE100 75 X 32 MM', 1341, 7298, 0, 1, 0),
(672, '', 11710, 'TAPON FFDO BRIDA 100 MM.', 1343, 10815, 0, 1, 0),
(673, '', 11720, 'TAPON FFDO BRIDA 150 MM.', 1345, 6274, 0, 1, 0),
(674, '', 11730, 'TAPON FFDO BRIDA 75 MM', 1347, 2820, 0, 1, 0),
(675, '', 11740, 'TAPON FFDO GIBAULT 100 MM', 1349, 5361, 0, 1, 0),
(676, '', 11750, 'TAPON FFDO GIBAULT 125 MM', 1351, 6442, 0, 1, 0),
(677, '', 11760, 'TAPON FFDO GIBAULT 150 MM', 1353, 9819, 0, 1, 0),
(678, '', 11770, 'TAPON FFDO GIBAULT 200 MM', 1355, 1568, 0, 1, 0),
(679, '', 11780, 'TAPON FFDO GIBAULT 75 MM', 1357, 9608, 0, 1, 0),
(680, '', 11790, 'TAPON FFDO GIBAULT COMPLETO 100 MM', 1359, 16695, 0, 1, 0),
(681, '', 11800, 'TAPON FFDO GIBAULT COMPLETO 150 MM', 1361, 52513, 0, 1, 0),
(682, '', 11810, 'TAPON FFDO GIBAULT COMPLETO 300 MM', 1363, 88947, 0, 1, 0),
(683, '', 11820, 'TAPON FFDO GIBAULT COMPLETO 350 MM', 1365, 9991, 0, 1, 0),
(684, '', 11830, 'TAPON FFDO GIBAULT COMPLETO 75 MM', 1367, 5422, 0, 1, 0),
(685, '', 11840, 'TAPON FFDO P/PVC CAMP. 110 MM', 1369, 14360, 0, 1, 0),
(686, '', 11850, 'TAPON FFDO P/PVC CAMP. 160 MM', 1371, 55946, 0, 1, 0),
(687, '', 11860, 'TAPON FFDO P/PVC CAMP. 315 MM', 1373, 98069, 0, 1, 0),
(688, '', 11870, 'TAPON FFDO P/PVC CAMP. 355 MM', 1375, 3266, 0, 1, 0),
(689, '', 11880, 'TAPON FFDO P/PVC CAMP. 75 MM', 1377, 310, 0, 1, 0),
(690, '', 11890, 'TAPON PVC C-10 CEMENTAR 50 MM', 1379, 27760, 0, 1, 0),
(691, '', 11900, 'TAPPING TEE HDPE ELECTRO 160 X 50 MM', 1381, 1438, 0, 1, 0),
(692, '', 11910, 'TEE BRONCE HI HI HI 13 MM', 1383, 1323, 0, 1, 0),
(693, '', 11920, 'TEE BRONCE S.S. 19 MM', 1385, 1829, 0, 1, 0),
(694, '', 11930, 'TEE BRONCE S.S. 25 MM', 1387, 2334, 0, 1, 0);
INSERT INTO `material` (`id`, `barra`, `codigo`, `descripcion`, `stock`, `precio`, `id_familia`, `id_proveedor`, `estado`) VALUES
(695, '', 11940, 'TEE BRONCE S.S. 32 MM', 1389, 3223, 0, 1, 0),
(696, '', 11950, 'TEE BRONCE S.S. 38 MM', 1391, 4695, 0, 1, 0),
(697, '', 11960, 'TEE BRONCE S.S. 50 MM', 1393, 6290, 0, 1, 0),
(698, '', 11970, 'TEE BRONCE S.S. 50 X 13 MM', 1395, 4767, 0, 1, 0),
(699, '', 11980, 'TEE BRONCE S.S. 50 X 19 MM', 1397, 548, 0, 1, 0),
(700, '', 11990, 'TEE BRONCE S.S.S. 13 MM', 1399, 1103, 0, 1, 0),
(701, '', 12000, 'TEE BRONCE S.S.S. 19 X 13 MM', 1401, 2134, 0, 1, 0),
(702, '', 12010, 'TEE BRONCE S.S.S. 25 X 19 MM', 1403, 2455, 0, 1, 0),
(703, '', 12020, 'TEE BRONCE S.S.S. 32 X 19 MM', 1405, 4190, 0, 1, 0),
(704, '', 12030, 'TEE BRONCE S.S.S. 32 X 25 MM', 1407, 4822, 0, 1, 0),
(705, '', 12040, 'TEE BRONCE S.S.S. 38 X 19 MM', 1409, 2430, 0, 1, 0),
(706, '', 12050, 'TEE BRONCE SO SO 38 X 13 MM', 1411, 741, 0, 1, 0),
(707, '', 12060, 'TEE BRONCE SO SO HI 13 MM', 1413, 1607, 0, 1, 0),
(708, '', 12070, 'TEE BRONCE SO SO HI 19 X 13 MM', 1415, 7165, 0, 1, 0),
(709, '', 12080, 'TEE BRONCE SO SO SO 50 X 32 MM', 1417, 26470, 0, 1, 0),
(710, '', 12090, 'TEE FFDO B.B.B 100 X 50', 1419, 69274, 0, 1, 0),
(711, '', 12100, 'TEE FFDO B.B.B 200 X 150', 1421, 29820, 0, 1, 0),
(712, '', 12110, 'TEE FFDO B.B.B 200 X 50', 1423, 162846, 0, 1, 0),
(713, '', 12120, 'TEE FFDO B.B.B 300 X 50 MM', 1425, 343934, 0, 1, 0),
(714, '', 12130, 'TEE FFDO B.B.B 350 X 200', 1427, 35049, 0, 1, 0),
(715, '', 12140, 'TEE FFDO B.B.B. 125 X 100 MM', 1429, 189164, 0, 1, 0),
(716, '', 12150, 'TEE FFDO B.B.B. 300 X 100 MM', 1431, 70569, 0, 1, 0),
(717, '', 12160, 'TEE FFDO B.B.B. 300 X 200 MM', 1433, 183225, 0, 1, 0),
(718, '', 12170, 'TEE FFDO B.B.B. 300 X 300 MM', 1435, 17270, 0, 1, 0),
(719, '', 12180, 'TEE FFDO B.B.B. 50 MM', 1437, 23205, 0, 1, 0),
(720, '', 12190, 'TEE FFDO B.B.B. 75 MM', 1439, 173457, 0, 1, 0),
(721, '', 12200, 'TEE FFDO G.G.B. 300 MM X 100 MM', 1441, 182254, 0, 1, 0),
(722, '', 12210, 'TEE FFDO G.G.B. 300 X 200 MM', 1443, 57118, 0, 1, 0),
(723, '', 12220, 'TEE FFDO G.G.G. 300 X 100 MM', 1445, 30097, 0, 1, 0),
(724, '', 12230, 'TEE FFDO G.G.G. 300 X 250 MM', 1447, 13872, 0, 1, 0),
(725, '', 12240, 'TEE FFDO P/PVC CAMPANA 110 MM', 1449, 15745, 0, 1, 0),
(726, '', 12250, 'TEE FFDO P/PVC CAMPANA 110 X 75 MM', 1451, 34173, 0, 1, 0),
(727, '', 12260, 'TEE FFDO P/PVC CAMPANA 160 MM.', 1453, 25416, 0, 1, 0),
(728, '', 12270, 'TEE FFDO. B.B.B. 100 MM', 1455, 26802, 0, 1, 0),
(729, '', 12280, 'TEE FFDO. B.B.B. 100 X 75 MM', 1457, 45997, 0, 1, 0),
(730, '', 12290, 'TEE FFDO. B.B.B. 150 MM', 1459, 43266, 0, 1, 0),
(731, '', 12300, 'TEE FFDO. B.B.B. 150 X 100 MM', 1461, 81889, 0, 1, 0),
(732, '', 12310, 'TEE FFDO. B.B.B. 200 MM', 1463, 68773, 0, 1, 0),
(733, '', 12320, 'TEE FFDO. B.B.B. 200 X 100 MM', 1465, 100447, 0, 1, 0),
(734, '', 12330, 'TEE FFDO. B.B.B. 250 MM', 1467, 43920, 0, 1, 0),
(735, '', 12340, 'TEE FFDO. G.G.B. 100 MM', 1469, 36460, 0, 1, 0),
(736, '', 12350, 'TEE FFDO. G.G.G. 300 MM', 1471, 37002, 0, 1, 0),
(737, '', 12360, 'TEE FFDO. G.G.G. 300 X 150 MM', 1473, 6815, 0, 1, 0),
(738, '', 12370, 'TEE FFDO. G.G.G. 75 MM', 1475, 17004, 0, 1, 0),
(739, '', 12380, 'TEE HDPE ELECTR PN 16 110 MM', 1477, 45829, 0, 1, 0),
(740, '', 12390, 'TEE HDPE ELECTR PN 16 160 MM', 1479, 60553, 0, 1, 0),
(741, '', 12400, 'TEE HDPE ELECTR PN 16 160X110 MM', 1481, 17997, 0, 1, 0),
(742, '', 12410, 'TEE HDPE ELECTR PN 16 75 MM', 1483, 45548, 0, 1, 0),
(743, '', 12420, 'TEE HDPE PN 16 125 MM', 1485, 332, 0, 1, 0),
(744, '', 12430, 'TEE PVC C-10 CEMENTAR 25 X 20 X 13 MM', 1487, 105, 0, 1, 0),
(745, '', 12440, 'TEE PVC C-10 CEMENTAR 25 X 25 MM.', 1489, 88, 0, 1, 0),
(746, '', 12450, 'TEE PVC C-16 CEMENTAR 20 X 20 MM', 1491, 11964, 0, 1, 0),
(747, '', 12460, 'TEE PVC SANITARIA C/GOMA 160 X 160 MM', 1493, 1247, 0, 1, 0),
(748, '', 12470, 'TEE PVC SANITARIA CEMT. 110 X 110  MM', 1495, 1561, 0, 1, 0),
(749, '', 12480, 'TEE PVC SANITARIO C/REGISTRO 110 MM', 1497, 1342, 0, 1, 0),
(750, '', 12490, 'TEE PVC SANITARIO CEMENT. 110 X 50  MM', 1499, 1133, 0, 1, 0),
(751, '', 12500, 'TEE PVC SANITARIO CEMENT. 110 X 75  MM', 1501, 265, 0, 1, 0),
(752, '', 12510, 'TEE PVC SANITARIO CEMENT. 40 X 40  MM', 1503, 851, 0, 1, 0),
(753, '', 12520, 'TERMINAL BRONCE HI SO 13 X 19 MM', 1505, 344, 0, 1, 0),
(754, '', 12530, 'TERMINAL BRONCE SO HE  13 MM.', 1507, 611, 0, 1, 0),
(755, '', 12540, 'TERMINAL BRONCE SO HE  19 MM.', 1509, 1229, 0, 1, 0),
(756, '', 12550, 'TERMINAL BRONCE SO HE  25 MM.', 1511, 1901, 0, 1, 0),
(757, '', 12560, 'TERMINAL BRONCE SO HE  32 MM.', 1513, 2026, 0, 1, 0),
(758, '', 12570, 'TERMINAL BRONCE SO HE  38 MM.', 1515, 4553, 0, 1, 0),
(759, '', 12580, 'TERMINAL BRONCE SO HE  50 MM.', 1517, 6374, 0, 1, 0),
(760, '', 12590, 'TERMINAL BRONCE SO HE  75 MM.', 1519, 359, 0, 1, 0),
(761, '', 12600, 'TERMINAL BRONCE SO HE 10 MM', 1521, 624, 0, 1, 0),
(762, '', 12610, 'TERMINAL BRONCE SO HI  13 MM.', 1523, 882, 0, 1, 0),
(763, '', 12620, 'TERMINAL BRONCE SO HI  19 MM.', 1525, 1217, 0, 1, 0),
(764, '', 12630, 'TERMINAL BRONCE SO HI  25 MM.', 1527, 1925, 0, 1, 0),
(765, '', 12640, 'TERMINAL BRONCE SO HI  32 MM.', 1529, 2579, 0, 1, 0),
(766, '', 12650, 'TERMINAL BRONCE SO HI  38 MM.', 1531, 4101, 0, 1, 0),
(767, '', 12660, 'TERMINAL BRONCE SO HI  50 MM.', 1533, 29904, 0, 1, 0),
(768, '', 12670, 'TERMINAL BRONCE SO HI 100 MM.', 1535, 721, 0, 1, 0),
(769, '', 12680, 'TERMINAL BRONCE SO HI 13 X 19 MM.', 1537, 10176, 0, 1, 0),
(770, '', 12690, 'TERMINAL FFDO  B.B. 50 MM   L: 0,60  M', 1539, 53550, 0, 1, 0),
(771, '', 12700, 'TERMINAL FFDO B.B 200 MM  0,51 A 0,60', 1541, 16345, 0, 1, 0),
(772, '', 12710, 'TERMINAL FFDO B.B. 100 MM  0,11 A 0,20', 1543, 19021, 0, 1, 0),
(773, '', 12720, 'TERMINAL FFDO B.B. 100 MM  0,31 A 0,40', 1545, 21551, 0, 1, 0),
(774, '', 12730, 'TERMINAL FFDO B.B. 100 MM  0,41 A 0,50', 1547, 23798, 0, 1, 0),
(775, '', 12740, 'TERMINAL FFDO B.B. 100 MM  0,51 A 0,60', 1549, 39081, 0, 1, 0),
(776, '', 12750, 'TERMINAL FFDO B.B. 100 MM  0,91 A 1,00', 1551, 13459, 0, 1, 0),
(777, '', 12760, 'TERMINAL FFDO B.B. 100 MM L:0,20 MT', 1553, 27829, 0, 1, 0),
(778, '', 12770, 'TERMINAL FFDO B.B. 100 MM L:0,80 MT', 1555, 33600, 0, 1, 0),
(779, '', 12780, 'TERMINAL FFDO B.B. 100 MM. L : 0,60 M', 1557, 52788, 0, 1, 0),
(780, '', 12790, 'TERMINAL FFDO B.B. 125 MM  0,91 A 1,00', 1559, 36774, 0, 1, 0),
(781, '', 12800, 'TERMINAL FFDO B.B. 150 MM  0,51 A 0,60', 1561, 50400, 0, 1, 0),
(782, '', 12810, 'TERMINAL FFDO B.B. 150 MM  0,91 A 1,00', 1563, 30020, 0, 1, 0),
(783, '', 12820, 'TERMINAL FFDO B.B. 150 MM  L: 0,20 M', 1565, 84520, 0, 1, 0),
(784, '', 12830, 'TERMINAL FFDO B.B. 250 MM L:0,60 MT', 1567, 154461, 0, 1, 0),
(785, '', 12840, 'TERMINAL FFDO B.B. 300 MM L:0,60 MT', 1569, 115284, 0, 1, 0),
(786, '', 12850, 'TERMINAL FFDO B.B. 300 MM L:1 MT', 1571, 18826, 0, 1, 0),
(787, '', 12860, 'TERMINAL FFDO B.B. 75 MM  0,41 A 0,50', 1573, 32033, 0, 1, 0),
(788, '', 12870, 'TERMINAL FFDO B.B. 75 MM  1,00 A 1,10', 1575, 26835, 0, 1, 0),
(789, '', 12880, 'TERMINAL FFDO B.B. 75 MM L:0,80 MT', 1577, 40425, 0, 1, 0),
(790, '', 12890, 'TERMINAL FFDO B.G. 100 X 1 M.', 1579, 110052, 0, 1, 0),
(791, '', 12900, 'TERMINAL FFDO B.G. 200 MM L: 0,80 M', 1581, 70734, 0, 1, 0),
(792, '', 12910, 'TERMINAL FFDO B.G. 350 MM', 1583, 104558, 0, 1, 0),
(793, '', 12920, 'TERMINAL FFDO G.G. 300 MM L:0,60 MT', 1585, 7378, 0, 1, 0),
(794, '', 12930, 'TERMINAL FFDO P/PVC B.CAMP.   75 MM.', 1587, 14952, 0, 1, 0),
(795, '', 12940, 'TERMINAL FFDO. B.B.  50 MM L: 0,40 M', 1589, 19066, 0, 1, 0),
(796, '', 12950, 'TERMINAL FFDO. B.B. 100 MM  L: 0,40 M', 1591, 32338, 0, 1, 0),
(797, '', 12960, 'TERMINAL FFDO. B.B. 100 MM.L : 1 M.', 1593, 29400, 0, 1, 0),
(798, '', 12970, 'TERMINAL FFDO. B.B. 125 MM L: 0,40 CM', 1595, 32709, 0, 1, 0),
(799, '', 12980, 'TERMINAL FFDO. B.B. 150 MM  L: 0,40 M', 1597, 52042, 0, 1, 0),
(800, '', 12990, 'TERMINAL FFDO. B.B. 150 MM. L: 1,00 M.', 1599, 71659, 0, 1, 0),
(801, '', 13000, 'TERMINAL FFDO. B.B. 200 MM  L: 0,80 M', 1601, 80588, 0, 1, 0),
(802, '', 13010, 'TERMINAL FFDO. B.B. 200 MM L: 1,00 M', 1603, 66435, 0, 1, 0),
(803, '', 13020, 'TERMINAL FFDO. B.B. 200 MM. L : 60 CM.', 1605, 80290, 0, 1, 0),
(804, '', 13030, 'TERMINAL FFDO. B.B. 300 MM L: 0,20 M', 1607, 19185, 0, 1, 0),
(805, '', 13040, 'TERMINAL FFDO. B.B. 75 MM  L: 0,40 M', 1609, 22039, 0, 1, 0),
(806, '', 13050, 'TERMINAL FFDO. B.B. 75 MM L : 60 CM', 1611, 19277, 0, 1, 0),
(807, '', 13060, 'TERMINAL FFDO. B.G. 100 MM  L: 0,20 M', 1613, 25568, 0, 1, 0),
(808, '', 13070, 'TERMINAL FFDO. B.G. 100 MM  L: 0,40 M', 1615, 27968, 0, 1, 0),
(809, '', 13080, 'TERMINAL FFDO. B.G. 125 MM L: 0,20 M', 1617, 21069, 0, 1, 0),
(810, '', 13090, 'TERMINAL FFDO. B.G. 150 MM L : 15 CM.', 1619, 34018, 0, 1, 0),
(811, '', 13100, 'TERMINAL FFDO. B.G. 150 MM L: 0,20 CM', 1621, 72411, 0, 1, 0),
(812, '', 13110, 'TERMINAL FFDO. B.G. 250 MM  L: 0,20 M', 1623, 53412, 0, 1, 0),
(813, '', 13120, 'TERMINAL FFDO. B.G. 300 MM  L: 0,20 M', 1625, 99051, 0, 1, 0),
(814, '', 13130, 'TERMINAL FFDO. B.G. 300 MM L: 0,40 M', 1627, 53411, 0, 1, 0),
(815, '', 13140, 'TERMINAL FFDO. B.G. 300 MM L: 0,50 M', 1629, 17314, 0, 1, 0),
(816, '', 13150, 'TERMINAL FFDO. B.G. 75 MM  L: 0,20 M', 1631, 20716, 0, 1, 0),
(817, '', 13160, 'TERMINAL FFDO. B.G. 75 MM  L: 0,40 M', 1633, 99509, 0, 1, 0),
(818, '', 13170, 'TERMINAL FFDO. G.G. 300 MM. L:0,80 M.', 1635, 11942, 0, 1, 0),
(819, '', 13180, 'TERMINAL FFDO. G.GIBAULT 150 MM', 1637, 40, 0, 1, 0),
(820, '', 13190, 'TERMINAL PVC C-10 HE CEMENT. 13 X 20 MM', 1639, 50, 0, 1, 0),
(821, '', 13200, 'TERMINAL PVC C-10 HE CEMENT. 20 MM', 1641, 47, 0, 1, 0),
(822, '', 13210, 'TERMINAL PVC C-10 HE CEMENT. 25 MM', 1643, 63, 0, 1, 0),
(823, '', 13220, 'TERMINAL PVC C-10 HE CEMENT. 25 X 19 MM', 1645, 91, 0, 1, 0),
(824, '', 13230, 'TERMINAL PVC C-10 HE CEMENT. 32 X 25 MM', 1647, 269, 0, 1, 0),
(825, '', 13240, 'TERMINAL PVC C-10 HE CEMENT.38 X 50 MM', 1649, 53, 0, 1, 0),
(826, '', 13250, 'TERMINAL PVC C-10 HI CEMENT. 20 X 13 MM', 1651, 95, 0, 1, 0),
(827, '', 13260, 'TERMINAL PVC C-10 HI CEMENT. 25 X 19 MM', 1653, 188, 0, 1, 0),
(828, '', 13270, 'TERMINAL PVC C-10 HI CEMENT. 32 X 25 MM', 1655, 838, 0, 1, 0),
(829, '', 13280, 'TERMINAL PVC C-10 HI CEMENT. 38 X 50 MM', 1657, 3138, 0, 1, 0),
(830, '', 13290, 'TERMINAL PVC SCH80 HI 32 A 25 MM.', 1659, 4263, 0, 1, 0),
(831, '', 13300, 'TERMINAL STUB END 110 MM', 1661, 11006, 0, 1, 0),
(832, '', 13310, 'TERMINAL STUB END 160 MM', 1663, 18786, 0, 1, 0),
(833, '', 13320, 'TRANSICION HDPE 50 X 11/2 HI', 1665, 47, 0, 1, 0),
(834, '', 13330, '"TUERCA FIERRO 5/8"""', 1656, 885, 0, 1, 0),
(835, '', 13340, 'TUERCA NIPLE MEDIDOR 19MM', 1669, 1913, 0, 1, 0),
(836, '', 13350, 'TUERCA NIPLE MEDIDOR 25MM', 1671, 1424, 0, 1, 0),
(837, '', 13360, 'TUERCA R 11/8 PARA MEDIDOR DE 19MM', 1673, 965, 0, 1, 0),
(838, '', 13370, 'TUERCA R 7/8 PARA MEDIDOR DE 13MM', 1675, 564, 0, 1, 0),
(839, '', 13380, 'UNION AMERICANA PVC CEMENT. 20 MM', 1677, 647, 0, 1, 0),
(840, '', 13390, 'UNION AMERICANA PVC CEMENT. 25 MM', 1679, 1091, 0, 1, 0),
(841, '', 13400, 'UNION AMERICANA PVC CEMENT. 32 MM', 1681, 1293, 0, 1, 0),
(842, '', 13410, 'UNION AMERICANA PVC CEMENT. 40 MM', 1683, 1671, 0, 1, 0),
(843, '', 13420, 'UNION AMERICANA PVC CEMENT. 50 MM', 1685, 2251, 0, 1, 0),
(844, '', 13430, 'UNION AMERICANA PVC CEMENT. 63 MM', 1687, 45129, 0, 1, 0),
(845, '', 13440, 'UNION AUTOBLOQUEANTE  80 MM.', 1689, 50578, 0, 1, 0),
(846, '', 13450, 'UNION AUTOBLOQUEANTE 100 MM.', 1691, 79380, 0, 1, 0),
(847, '', 13460, 'UNION AUTOBLOQUEANTE 150 MM.', 1693, 101588, 0, 1, 0),
(848, '', 13470, 'UNION AUTOBLOQUEANTE 250 MM', 1695, 174541, 0, 1, 0),
(849, '', 13480, 'UNION AUTOBLOQUEANTE 300 MM.', 1697, 92182, 0, 1, 0),
(850, '', 13490, 'UNION AUTOBLOQUEANTE PN10 200 MM.', 1699, 28093, 0, 1, 0),
(851, '', 13500, 'UNION GIBAULT AU-10 COMPLETA 200 MM', 1701, 47334, 0, 1, 0),
(852, '', 13510, 'UNION GIBAULT AU-10 COMPLETA 300 MM', 1703, 62149, 0, 1, 0),
(853, '', 13520, 'UNION GIBAULT AU-10 COMPLETA 350 MM', 1705, 96980, 0, 1, 0),
(854, '', 13530, 'UNION GIBAULT AV-15 COMPLETA  350 MM', 1707, 114383, 0, 1, 0),
(855, '', 13540, 'UNION GIBAULT AV-15 COMPLETA  400 MM', 1709, 10798, 0, 1, 0),
(856, '', 13550, 'UNION GIBAULT AW-20 COMPLETA 100 MM', 1711, 12450, 0, 1, 0),
(857, '', 13560, 'UNION GIBAULT AW-20 COMPLETA 125 MM', 1713, 16560, 0, 1, 0),
(858, '', 13570, 'UNION GIBAULT AW-20 COMPLETA 150 MM', 1715, 27722, 0, 1, 0),
(859, '', 13580, 'UNION GIBAULT AW-20 COMPLETA 200 MM', 1717, 41690, 0, 1, 0),
(860, '', 13590, 'UNION GIBAULT AW-20 COMPLETA 250 MM', 1719, 73479, 0, 1, 0),
(861, '', 13600, 'UNION GIBAULT AW-20 COMPLETA 300 MM', 1721, 95288, 0, 1, 0),
(862, '', 13610, 'UNION GIBAULT AW-20 COMPLETA 350 MM', 1723, 92440, 0, 1, 0),
(863, '', 13620, 'UNION GIBAULT AW-20 COMPLETA 400 MM', 1725, 4819, 0, 1, 0),
(864, '', 13630, 'UNION GIBAULT AW-20 COMPLETA 50 MM', 1727, 6627, 0, 1, 0),
(865, '', 13640, 'UNION GIBAULT AW-20 COMPLETA 75 MM', 1729, 32389, 0, 1, 0),
(866, '', 13650, 'UNION GIBAULT T-20 COMPLETA 200 MM', 1731, 76974, 0, 1, 0),
(867, '', 13660, 'UNION GIBAULT T-20 COMPLETA 300 MM', 1733, 59545, 0, 1, 0),
(868, '', 13670, 'UNION GIBAULT T-20 COMPLETA 350 MM', 1735, 136918, 0, 1, 0),
(869, '', 13680, 'UNION GIBAULT T-20 COMPLETA 400 MM', 1737, 154140, 0, 1, 0),
(870, '', 13690, 'UNION MULTIDIAMETRO DN150 3106 (155/195)', 1739, 24079, 0, 1, 0),
(871, '', 13700, 'UNION MULTIDIAMETRO RANGO: (108-128) MM', 1741, 26210, 0, 1, 0),
(872, '', 13710, 'UNION MULTIDIAMETRO RANGO: (192-209) MM', 1743, 57774, 0, 1, 0),
(873, '', 13720, 'UNION MULTIDIAMETRO RANGO: (246-270) MM', 1745, 132300, 0, 1, 0),
(874, '', 13730, 'UNION MULTIDIAMETRO RANGO: (265-285) MM', 1747, 235950, 0, 1, 0),
(875, '', 13740, 'UNION MULTIDIAMETRO RANGO: (282-306) MM', 1749, 194748, 0, 1, 0),
(876, '', 13750, 'UNION MULTIDIAMETRO RANGO: (300-320) MM', 1751, 193542, 0, 1, 0),
(877, '', 13760, 'UNION MULTIDIAMETRO RANGO: (315-335) MM', 1753, 182706, 0, 1, 0),
(878, '', 13770, 'UNION MULTIDIAMETRO RANGO: (330-350) MM', 1755, 202763, 0, 1, 0),
(879, '', 13780, 'UNION MULTIDIAMETRO RANGO: (345-365) MM', 1757, 206058, 0, 1, 0),
(880, '', 13790, 'UNION MULTIDIAMETRO RANGO: (360-380) MM', 1759, 194395, 0, 1, 0),
(881, '', 13800, 'UNION MULTIDIAMETRO RANGO: (375-395) MM', 1761, 208373, 0, 1, 0),
(882, '', 13810, 'UNION MULTIDIAMETRO RANGO: (390-410) MM', 1763, 14605, 0, 1, 0),
(883, '', 13820, 'UNION MULTIDIAMETRO RANGO: (88-103) MM', 1765, 33673, 0, 1, 0),
(884, '', 13830, 'UNION PATENTE BRONCE SO SO 100 MM', 1767, 1479, 0, 1, 0),
(885, '', 13840, 'UNION PATENTE BRONCE SO SO 13 MM', 1769, 2053, 0, 1, 0),
(886, '', 13850, 'UNION PATENTE BRONCE SO SO 19 MM', 1771, 3906, 0, 1, 0),
(887, '', 13860, 'UNION PATENTE BRONCE SO SO 25 MM', 1773, 4649, 0, 1, 0),
(888, '', 13870, 'UNION PATENTE BRONCE SO SO 32 MM', 1775, 6319, 0, 1, 0),
(889, '', 13880, 'UNION PATENTE BRONCE SO SO 38 MM', 1777, 10038, 0, 1, 0),
(890, '', 13890, 'UNION PATENTE BRONCE SO SO 50 MM', 1779, 17004, 0, 1, 0),
(891, '', 13900, 'UNION PATENTE BRONCE SO SO 75 MM', 1781, 17485, 0, 1, 0),
(892, '', 13910, 'UNION UNIVERSAL 150 MM F.DUCTIL (160 - 1', 1783, 25104, 0, 1, 0),
(893, '', 13920, 'UNION UNIVERSAL DN 100 MM (108/130)', 1785, 24915, 0, 1, 0),
(894, '', 13930, 'UNION UNIVERSAL DN 100 MM 1204(108/130)', 1787, 33422, 0, 1, 0),
(895, '', 13940, 'UNION UNIVERSAL DN 150 MM (159/182)', 1789, 28398, 0, 1, 0),
(896, '', 13950, 'UNION UNIVERSAL DN 150 MM 1207(153/175)', 1791, 48044, 0, 1, 0),
(897, '', 13960, 'UNION UNIVERSAL DN 200 1211 (222/250)', 1793, 59484, 0, 1, 0),
(898, '', 13970, 'UNION UNIVERSAL DN 250 MM 1212 (264/284)', 1795, 247496, 0, 1, 0),
(899, '', 13980, 'UNION UNIVERSAL DN 300 MM (310/340MM)', 1797, 61481, 0, 1, 0),
(900, '', 13990, 'UNION UNIVERSAL DN 300 MM 1213 (315/335)', 1799, 170355, 0, 1, 0),
(901, '', 14000, 'UNION UNIVERSAL DN 325 MM', 1801, 10713, 0, 1, 0),
(902, '', 14010, 'UNION UNIVERSAL DN 50 1200 (59/73)', 1803, 20166, 0, 1, 0),
(903, '', 14020, 'UNION UNIVERSAL DN 75 (88/103)', 1805, 19960, 0, 1, 0),
(904, '', 14030, 'UNION UNIVERSAL DN 75 1202 (84/106)', 1807, 746, 0, 1, 0),
(905, '', 14040, 'VAINA BRONCE P/MEDIDOR 13 MM', 1809, 723, 0, 1, 0),
(906, '', 14050, 'VAINA BRONCE P/MEDIDOR 19 MM', 1811, 107652, 0, 1, 0),
(907, '', 14060, 'VALVULA BRONCE RET. HORIZONTAL HI 100 MM', 1813, 23874, 0, 1, 0),
(908, '', 14070, 'VALVULA BRONCE RET. HORIZONTAL HI 50 MM', 1815, 34533, 0, 1, 0),
(909, '', 14080, 'VALVULA BRONCE RET. VERTICAL HI 50 MM', 1817, 101886, 0, 1, 0),
(910, '', 14090, 'VALVULA FFDO COMP C/OVAL B.B PN10 100 MM', 1819, 132946, 0, 1, 0),
(911, '', 14100, 'VALVULA FFDO COMP C/OVAL B.B PN10 125 MM', 1821, 74705, 0, 1, 0),
(912, '', 14110, 'VALVULA FFDO COMP C/OVAL B.B PN10 150 MM', 1823, 38097, 0, 1, 0),
(913, '', 14120, 'VALVULA FFDO COMP C/OVAL B.B PN10 50 MM', 1825, 83398, 0, 1, 0),
(914, '', 14130, 'VALVULA FFDO COMP C/OVAL B.B PN10 75 MM', 1827, 14203, 0, 1, 0),
(915, '', 14140, 'VALVULA FFDO RETEN CHECK B.B PN10 100 MM', 1829, 317571, 0, 1, 0),
(916, '', 14150, 'VALVULA FFDO RETEN CHECK B.B PN10 200 MM', 1831, 84375, 0, 1, 0),
(917, '', 14160, 'VALVULA FFDO RETEN CHECK B.B PN16 100 MM', 1833, 197400, 0, 1, 0),
(918, '', 14170, 'VALVULA FFDO RETEN CHECK B.B PN16 150 MM', 1835, 398655, 0, 1, 0),
(919, '', 14180, 'VALVULA FFDO RETEN CHECK B.B PN16 250 MM', 1837, 504000, 0, 1, 0),
(920, '', 14190, 'VALVULA FFDO RETEN CHECK B.B PN16 300 MM', 1839, 452017, 0, 1, 0),
(921, '', 14200, 'VALVULA FFDO. C/OVALADO B.B. PN25 200 MM', 1841, 40950, 0, 1, 0),
(922, '', 14210, 'VALVULA FFDO. DE PIE PN16 100 MM', 1843, 262544, 0, 1, 0),
(923, '', 14220, 'VALVULA FFDO. DE PIE PN6 150 MM', 1845, 238774, 0, 1, 0),
(924, '', 14230, 'VALVULA H.D. COMPUERTA B.B. PN10 250 MM', 1847, 372015, 0, 1, 0),
(925, '', 14240, 'VALVULA H.D. COMPUERTA B.B. PN10 300 MM', 1849, 823200, 0, 1, 0),
(926, '', 14250, 'VALVULA H.D. COMPUERTA B.B. PN10 350 MM', 1851, 1459500, 0, 1, 0),
(927, '', 14260, 'VALVULA H.D. COMPUERTA B.B. PN10 450 MM', 1853, 58174, 0, 1, 0),
(928, '', 14270, 'VALVULA H.D. COMPUERTA B.B. PN16 100 MM', 1855, 73935, 0, 1, 0),
(929, '', 14280, 'VALVULA H.D. COMPUERTA B.B. PN16 125 MM', 1857, 168000, 0, 1, 0),
(930, '', 14290, 'VALVULA H.D. COMPUERTA B.B. PN16 150 MM', 1859, 164273, 0, 1, 0),
(931, '', 14300, 'VALVULA H.D. COMPUERTA B.B. PN16 200 MM', 1861, 699796, 0, 1, 0),
(932, '', 14310, 'VALVULA H.D. COMPUERTA B.B. PN16 400 MM', 1863, 30240, 0, 1, 0),
(933, '', 14320, 'VALVULA H.D. COMPUERTA B.B. PN16 50 MM', 1865, 48300, 0, 1, 0),
(934, '', 14330, 'VALVULA H.D. COMPUERTA B.B. PN16 80 MM', 1867, 210000, 0, 1, 0),
(935, '', 14340, 'VALVULA MARIP C/VOLANTE B.B PN10 200 MM.', 1869, 898800, 0, 1, 0),
(936, '', 14350, 'VALVULA MARIP C/VOLANTE B.B PN10 400 MM', 1871, 598500, 0, 1, 0),
(937, '', 14360, 'VALVULA MARIP C/VOLANTE B.B. PN10 250 MM', 1873, 424919, 0, 1, 0),
(938, '', 14370, 'VALVULA REDUC PRESION PN16 80 MM C/MANO', 1875, 458380, 0, 1, 0),
(939, '', 14380, 'VALVULA REDUC PRESION PN16 80 MM S/MANO', 1877, 562123, 0, 1, 0),
(940, '', 14390, 'VALVULA REDUCTORA PRESION PN10 100 MM', 1879, 517983, 0, 1, 0),
(941, '', 14400, 'VALVULA REDUCTORA PRESION PN16 100 MM', 1881, 1767240, 0, 1, 0),
(942, '', 14410, 'VALVULA REDUCTORA PRESION PN16 150 MM.', 1883, 1301740, 0, 1, 0),
(943, '', 14420, 'VALVULA REDUCTORA PRESION PN16 200 MM.', 1885, 305772, 0, 1, 0),
(944, '', 14430, 'VALVULA REDUCTORA PRESION PN16 50 MM', 1887, 197400, 0, 1, 0),
(945, '', 14440, 'VALVULA RETENC. B.B. DE BOLA PN10 200 MM', 1889, 92438, 0, 1, 0),
(946, '', 14450, 'VALVULA RETENCION ENTREBRIDA PN16 100 MM', 1891, 69895, 0, 1, 0),
(947, '', 14460, 'VALVULA RETENCION ENTREBRIDA PN16 150 MM', 1893, 102900, 0, 1, 0),
(948, '', 14470, 'VALVULA RETENCION ENTREBRIDA PN16 200 MM', 1895, 159015, 0, 1, 0),
(949, '', 14480, 'VALVULA RETENCION ENTREBRIDA PN16 250 MM', 1897, 17181, 0, 1, 0),
(950, '', 14490, 'VALVULA RETENCION ENTREBRIDA PN16 50 MM', 1899, 77032, 0, 1, 0),
(951, '', 14500, 'VALVULA RETENCION ENTREBRIDA PN16 75 MM', 1901, 68250, 0, 1, 0),
(952, '', 14510, 'VALVULA RETENCION FFDO B.B. PN16 75 MM', 1903, 4041, 0, 1, 0),
(953, '', 14520, 'VALVULA RETENCION HORIZONTAL PN16 25 MM', 1905, 6828, 0, 1, 0),
(954, '', 14530, '"VARILLA ACERO P/DESAGÜE 5/16"" X 1 MT"', 1907, 5093, 0, 1, 0),
(955, '', 14540, 'VARILLA ALARGAMIENTO P/VALVULA', 1909, 73290, 0, 1, 0),
(956, '', 14550, 'VASTAGO ACERO INOX. P/GRIFO', 1911, 16118, 0, 1, 0),
(957, '', 14560, 'VASTAGO BRONCE P/VALVULA 100 MM', 1913, 25430, 0, 1, 0),
(958, '', 14570, 'VASTAGO BRONCE P/VALVULA 150 MM', 1915, 40128, 0, 1, 0),
(959, '', 14580, 'VASTAGO BRONCE P/VALVULA 200/300', 1917, 42353, 0, 1, 0),
(960, '', 14590, 'VASTAGO GRIFO 100 MM', 1919, 1598, 0, 1, 0),
(961, '', 14600, 'VEE PVC SANITARIO CEMENT. 110 X 110  MM', 1921, 344227, 0, 1, 0),
(962, '', 14610, 'VENTOSA TRIFUNCIONAL AUTOMATICA 150 MM', 1923, 441000, 0, 1, 0),
(963, '', 14620, 'VENTOSA TRIFUNCIONAL AUTOMATICA 200 MM', 1925, 144900, 0, 1, 0),
(964, '', 14630, 'VENTOSA TRIFUNCIONAL B 50 MM. PN-16', 1927, 227264, 0, 1, 0),
(965, '', 14640, 'VENTOSA TRIFUNCIONAL B. 100 MM', 1929, 356612, 0, 1, 0),
(966, '', 14650, 'VENTOSA TRIFUNCIONAL B. 75 MM', 1931, 185640, 0, 1, 0),
(967, '', 14660, 'VENTOSA TRIFUNCIONAL B. 80 MM PN-16', 1933, 568508, 0, 1, 0),
(968, '', 14670, 'VENTOSA TRIFUNCIONAL B. 80 MM PN-25', 1935, 264432, 0, 1, 0),
(969, '', 14680, 'VENTOSA TRIFUNCIONAL PN10, DN 50 MM', 1937, 2513, 0, 1, 0),
(970, '', 14690, 'LLAVE PASO VALCO 3/4', 1939, 300, 0, 1, 0),
(971, '', 14700, 'GOMA PLANA 75 MM', 1941, 276, 0, 1, 0),
(972, '', 14710, 'HDPE DE 32', 1943, 4567, 0, 1, 0),
(973, '', 14720, 'VARAL DE VALCO 3/4', 1945, 410, 0, 1, 0),
(974, '', 14730, 'HDPE 20 MM', 1947, 1708, 0, 1, 0),
(975, '', 14740, 'ADAPTADOR DE HDPE A COBRE 20 MM', 1949, 617, 0, 1, 0),
(976, '', 14750, 'CODO DE VALCO 3/4', 1951, 1437, 0, 1, 0),
(977, '', 14760, 'BASTON VALCO 3/4', 1953, 110, 0, 1, 0),
(978, '', 14770, 'TERMINAL PVC 20 MM', 1955, 63490, 0, 1, 0),
(979, '', 14780, 'TAPPING TEE HDPE 315X25 MM', 1957, 1880, 0, 1, 0),
(980, '', 14790, 'LLAVE BOLA 1/2', 1959, 2150, 0, 1, 0),
(981, '', 14800, 'LLAVE PASO SO SO 1/2', 1961, 217, 0, 1, 0),
(982, '', 14810, 'PERNO 5/8 X 2 1/2', 1963, 450, 0, 1, 0),
(983, '', 14820, 'GOMA PLANA 100 MM', 1965, 499, 0, 1, 0),
(984, '', 14830, 'TUBERIA HDPE 25 MM', 1967, 778, 0, 1, 0),
(985, '', 14840, 'ADAPTADOR HDPE 25X3/4 HE', 1969, 1908, 0, 1, 0),
(986, '', 14850, 'ADAPTADOR HDPE 25 MM', 1971, 51000, 0, 1, 0),
(987, '', 14860, 'SPIGOT SADDLE 200 X 100', 1973, 6376, 0, 1, 0),
(988, '', 14870, 'TUBERIA HDPE SANITARIA 200 MM', 1975, 8277, 0, 1, 0),
(989, '', 14880, 'LLAVE DE VALVULA DE BOLA 1- 1/2', 1977, 4490, 0, 1, 0),
(990, '', 14890, 'TERMINAL PVC 20 MM', 1979, 5540, 0, 1, 0),
(991, '', 14900, 'CODO SO SO 1 A 1/2', 1981, 5920, 0, 1, 0),
(992, '', 14910, 'COPLA SO SO 2X1 1/2', 1983, 1950, 0, 1, 0),
(993, '', 14920, 'ADAPTADOR HDPE 32 MM', 1985, 3103, 0, 1, 0),
(994, '', 14930, 'TUBERIA HDPE 110 MM SANITARIA', 1987, 110, 0, 1, 0),
(995, '', 14940, 'TERMINAL HI PVC 20 MM', 1989, 8345, 0, 1, 0),
(996, '', 14950, 'COPLA TRNSICION HDPE 3/4', 1991, 1880, 0, 1, 0),
(997, '', 14960, 'COPLA PVC 3/4', 1993, 1730, 0, 1, 0),
(998, '', 14970, 'TUBERIA DE PVC 20 MM', 1995, 1730, 0, 1, 0),
(999, '', 14980, 'TUBERIA DE PVC 20 MM', 1997, 5321, 0, 1, 0),
(1000, '', 14990, 'COPLA REPARACION 110X160', 1999, 6376, 0, 1, 0),
(1001, '', 15000, 'HDPE DE 110', 2001, 6600, 0, 1, 0),
(1002, '', 15010, 'COPLA DE 110 HDPE', 2003, 19500, 0, 1, 0),
(1003, '', 15020, 'COPLA 200 HDPE', 2005, 28151, 0, 1, 0),
(1004, '', 15030, 'LLAVE DE 1 1/2', 2007, 599, 0, 1, 0),
(1005, '', 15040, 'ADAPTADOR DE VALCO 1/2', 2009, 21017, 0, 1, 0),
(1006, '', 15050, '1 TEE 200X110', 2011, 15900, 0, 1, 0),
(1007, '', 15060, 'TAPPING TEE 100', 2013, 236, 0, 1, 0),
(1008, '', 15070, 'PERNOS 5/8 X 3', 2015, 294, 0, 1, 0),
(1009, '', 15080, 'TUBO PVC DE 25', 2017, 109, 0, 1, 0),
(1010, '', 15090, 'COPLA DE PVC DE 25', 2019, 924, 0, 1, 0),
(1011, '', 15100, 'UNION AMERICANA DE PVC DE 25', 2021, 109, 0, 1, 0),
(1012, '', 15110, 'CODO DE PVC DE 25', 2023, 1708, 0, 1, 0),
(1013, '', 15120, 'ADAPTADORES DE 20 HDPE', 2025, 4340, 0, 1, 0),
(1014, '', 15130, 'STUB END 110', 2027, 665, 0, 1, 0),
(1015, '', 15140, 'GOMA DE 150', 2029, 44559, 0, 1, 0),
(1016, '', 15150, 'TEE 100', 2031, 16200, 0, 1, 0),
(1017, '', 15160, 'CURVA 100X90', 2033, 11400, 0, 1, 0),
(1018, '', 15170, 'FLANGE 110', 2035, 44554, 0, 1, 0),
(1019, '', 15180, 'REDUCCION DE 150X100', 2037, 8760, 0, 1, 0),
(1020, '', 15190, 'BRIDA CIEGA 75', 2039, 49130, 0, 1, 0),
(1021, '', 15200, 'TAPA DE CALZADA SUM MAIBAC', 2041, 888000, 0, 1, 0),
(1022, '', 15210, 'CONFECCION DE TAPAS 70 PARA VALVULAS', 2043, 58553, 0, 1, 0),
(1023, '', 15220, 'UNIONES UNIVERSALES 300', 2045, 2278, 0, 1, 0),
(1024, '', 15230, 'CODO BRONCE HIHI 3/4', 2047, 15757, 0, 1, 0),
(1025, '', 15240, 'ADAPTADOR B.CAMP 110MM SUMIN. MAIBAC', 2049, 6828, 0, 1, 0),
(1026, '', 15250, 'STUB END 160 MM', 2051, 14980, 0, 1, 0),
(1027, '', 15260, 'FLANGE 160 MM (BRIDA)', 2053, 21017, 0, 1, 0),
(1028, '', 15270, 'TEE COLECTOR C/GOMA C-I 200-110', 2055, 44000, 0, 1, 0),
(1029, '', 15280, 'ANILLO FE.FDO DN 600 MM', 2057, 25258, 0, 1, 0),
(1030, '', 15290, 'TAPA CALZADA TIPO ALCANTARILLADO', 2059, 7450, 0, 1, 0),
(1031, '', 15300, 'TAPA DOMICILIARIA CIRCULAR 60 CM', 2061, 27000, 0, 1, 0),
(1032, '', 15310, 'FLANGE 200MM', 2063, 9515, 0, 1, 0),
(1033, '', 15320, 'CONFECCION DE UNIONES BRIDA 75MM', 2065, 12966, 0, 1, 0),
(1034, '', 15330, 'CONFECCION DE UNIONES BRIDA 100MM', 2067, 10481, 0, 1, 0),
(1035, '', 15340, 'INSTALACION DE UNION BRIDA UNIV. 75MM', 2069, 28397, 0, 1, 0),
(1036, '', 15350, 'CONFECC. DE UNION ELECTROFUSIONADAS 110MM', 2071, 292, 0, 1, 0),
(1037, '', 15360, 'TEE VALCO 20MM (1/2)', 2073, 7120, 0, 1, 0),
(1038, '', 15370, 'MODULO 60X30 CM DOMICILIARIO', 2075, 37890, 0, 1, 0),
(1039, '', 15380, 'UNION UNIVERSAL DN 125 MM (132-154 )', 2077, 12120, 0, 1, 0),
(1040, '', 15390, 'MODULO 60X60 CM DOMICILIARIO', 2079, 450, 0, 1, 0),
(1041, '', 15400, 'PERNOS 5/8 X 3 C/ TUERCA', 2081, 0, 0, 1, 0),
(1042, '', 15410, 'LIJA', 2083, 0, 0, 1, 0),
(1043, '', 15420, 'CEMENTO ', 2085, 0, 0, 1, 0),
(1044, '', 15430, 'YESO', 2087, 0, 0, 1, 0),
(1045, '', 15440, 'DISCO CHICO CEMENTO', 2089, 0, 0, 1, 0),
(1046, '', 15450, 'DISCO CHICO FIERRO', 2089, 0, 0, 1, 0),
(1047, '', 15460, 'PASTA SOLDAR', 2093, 0, 0, 1, 0),
(1048, '', 15470, 'CHIMENES 60 2/30', 2095, 0, 0, 1, 0),
(1049, '', 15480, 'LUBRICANTE', 2097, 0, 0, 1, 0),
(1050, '', 15490, 'UNION UNIVERSAL 160', 2099, 0, 0, 1, 0),
(1051, '', 15510, 'TEFLON', 2101, 0, 0, 1, 0),
(1052, '', 15520, 'ADAPTADOR GRIFO 110', 2103, 0, 0, 1, 0),
(1053, '', 15530, 'GRANADA 20', 2105, 0, 0, 1, 0),
(1054, '', 15540, 'ADAPATADOR HE ', 2107, 0, 0, 1, 0),
(1055, '', 15550, 'MEDIDOR ', 2109, 0, 0, 1, 0),
(1056, '', 15560, 'GOMAS 160', 2111, 0, 0, 1, 0),
(1057, '', 15570, 'SOLDADURA  ', 2113, 0, 0, 1, 0),
(1058, '', 15580, 'MODULO ELECTRICO', 2115, 0, 0, 1, 0),
(1059, '', 15590, 'SOLERAS', 2117, 0, 0, 1, 0),
(1060, '', 15600, 'SIERRA', 2119, 0, 0, 1, 0),
(1061, '', 15610, 'MODULO 120X100', 2121, 0, 0, 1, 0),
(1062, '', 15620, 'VALVULA BB 75', 2123, 0, 0, 1, 0),
(1063, '', 15630, 'VINILIT', 2125, 0, 0, 1, 0),
(1064, '', 15640, 'SATELITE', 2127, 0, 0, 1, 0),
(1065, '', 15650, 'CINTA PELIGRO', 2129, 0, 0, 1, 0),
(1066, '', 15660, 'TAPA 80 ', 2131, 0, 0, 1, 0),
(1067, '', 15670, 'MODULO DE 80 X 60 ', 2133, 0, 0, 1, 0),
(1068, '', 15680, 'MODULO DE 60X60', 2135, 0, 0, 1, 0),
(1069, '', 15690, 'ADAPTADOR GRIFO 160', 2137, 0, 0, 1, 0),
(1070, '', 15700, 'MARCO CUADRADO ', 2139, 0, 0, 1, 0),
(1071, '', 15710, 'TAPA CUADRADA DE 60X60 ', 2141, 0, 0, 1, 0),
(1072, '', 15720, 'MALLA ', 2143, 0, 0, 1, 0),
(1073, '', 15730, 'CONO', 2145, 0, 0, 1, 0),
(1074, '', 15740, 'GRAVILLA', 2147, 0, 0, 1, 0),
(1075, '', 15750, 'ARENA ', 2149, 0, 0, 1, 0),
(1076, '', 15760, 'ESCALINES  ', 2151, 0, 0, 1, 0),
(1077, '', 15770, 'TAPA REJILLA', 2153, 0, 0, 1, 0),
(1078, '', 15780, 'MODULO 140X 1 MT', 2155, 0, 0, 1, 0),
(1079, '', 15790, 'CONO 140X60', 2157, 0, 0, 1, 0),
(1080, '', 15800, 'PERNOS 2 1/2 X 1/2', 2159, 0, 0, 1, 0),
(1081, '', 15810, 'PERNOS 2 1/2 X 1', 2161, 0, 0, 1, 0),
(1082, '', 15820, 'TAPA CALZADA 0,5', 2163, 0, 0, 1, 0),
(1083, '', 15830, 'PERNOS 3 1/2 X 3 ', 2165, 1588, 0, 1, 0),
(1084, '', 15840, 'AMERICANA DE PULGADA PVC ', 2167, 159, 0, 1, 0),
(1085, '', 15850, 'COPLA PVC PULGADA', 2169, 411, 0, 1, 0),
(1086, '', 15860, 'CAÑERIA PULGADA PVC', 2171, 147, 0, 1, 0),
(1087, '', 15870, 'TERMINAL HE PVC PULGADA', 2173, 0, 0, 1, 0),
(1088, '', 15880, 'CINTA MAIBAC', 2175, 0, 0, 1, 0),
(1089, '', 15890, 'TABLAS 4X1', 2177, 0, 0, 1, 0),
(1090, '', 16010, 'PALOS 2X1', 2179, 0, 0, 1, 0),
(1091, '', 16020, 'PALOS 2X2', 2181, 0, 0, 1, 0),
(1092, '', 16030, 'MODULO 60X40', 2183, 0, 0, 1, 0),
(1093, '', 16040, 'PALA PUNTA HUEVO', 2185, 0, 0, 1, 0),
(1094, '', 16050, 'GUANTES DE CUERO', 2187, 0, 0, 1, 0),
(1095, '', 16060, 'LOSA', 2189, 0, 0, 1, 0),
(1096, '', 16070, 'GOMAS PLANAS 200', 2191, 0, 0, 1, 0),
(1097, '', 16080, 'MODULO 1X1,20', 2193, 0, 0, 1, 0),
(1098, '', 16090, 'SPIGOT 110 PVC ', 2195, 0, 0, 1, 0),
(1099, '', 17000, 'MODULO 60X30  ', 2197, 0, 0, 1, 0),
(1100, '', 17010, 'COPLA COMPRESION 25', 2199, 0, 0, 1, 0),
(1101, '', 17020, 'COPLA COMPRESION 20', 2201, 0, 0, 1, 0),
(1102, '', 17030, 'COPLA COMPRESION 32', 2203, 0, 0, 1, 0),
(2000, '', 1234567, 'TUERCA DE PASO', 10, 1230, 0, 1, 0),
(2000, '', 1234567, 'TUERCA DE PASO', 10, 1230, 0, 1, 0),
(2001, '1', 1234587, '13', 2, 1, 0, 2, 0),
(2002, '123', 1234607, 'NUEVO', 12, 1200, 0, 1, 0),
(2003, '3123123123123', 1234627, 'NUEVO', 10, 1200, 0, 1, 0),
(2004, '423432', 1234647, 'DFSDF', 7, 123, 2, 2, 0);

-- --------------------------------------------------------

--
-- Estructura de tabla para la tabla `orden_compra_paso`
--

CREATE TABLE `orden_compra_paso` (
  `id` int(11) NOT NULL,
  `cantidad` float NOT NULL,
  `id_usuario` int(11) NOT NULL
) ENGINE=InnoDB DEFAULT CHARSET=latin1;

--
-- Volcado de datos para la tabla `orden_compra_paso`
--

INSERT INTO `orden_compra_paso` (`id`, `cantidad`, `id_usuario`) VALUES
(500, 5, 3),
(501, 3, 0),
(500, 5, 0),
(502, 7, 0),
(499, 0, 0),
(489, 10, 0),
(502, 20, 3),
(102, 0, 3);

-- --------------------------------------------------------

--
-- Estructura de tabla para la tabla `paso`
--

CREATE TABLE `paso` (
  `nick` varchar(20) NOT NULL,
  `texto` varchar(20) NOT NULL
) ENGINE=InnoDB DEFAULT CHARSET=latin1;

-- --------------------------------------------------------

--
-- Estructura de tabla para la tabla `personal`
--

CREATE TABLE `personal` (
  `id` int(11) NOT NULL,
  `nombre` varchar(60) NOT NULL,
  `apellidos` varchar(60) NOT NULL,
  `celular` varchar(12) NOT NULL,
  `activo` int(11) NOT NULL
) ENGINE=InnoDB DEFAULT CHARSET=latin1;

--
-- Volcado de datos para la tabla `personal`
--

INSERT INTO `personal` (`id`, `nombre`, `apellidos`, `celular`, `activo`) VALUES
(2, 'JULIO MONTES CAMPOS', 'bbb', '56096030', 0),
(12, 'MARCELO', 'MONTES', '56096030', 0),
(13, 'CLAUDIA', 'KJDHAKJSDH', '987879', 0),
(18, 'MATEO', 'MONTES URRA', '7867687', 0),
(19, 'CARLOS MAULEN', '', '423423', 0);

-- --------------------------------------------------------

--
-- Estructura de tabla para la tabla `proveedor`
--

CREATE TABLE `proveedor` (
  `id` int(11) NOT NULL,
  `descripcion` varchar(50) NOT NULL,
  `fono` varchar(20) NOT NULL,
  `mail` varchar(50) NOT NULL
) ENGINE=InnoDB DEFAULT CHARSET=latin1;

--
-- Volcado de datos para la tabla `proveedor`
--

INSERT INTO `proveedor` (`id`, `descripcion`, `fono`, `mail`) VALUES
(1, 'ESVAL', '12314123', 'ASDASDS@HOTMAIL.COM'),
(2, 'OTRO', '12314123', 'ASDASDS@GMAIL.COM');

-- --------------------------------------------------------

--
-- Estructura de tabla para la tabla `sda`
--

CREATE TABLE `sda` (
  `id_sda` int(11) NOT NULL,
  `id_material` int(11) NOT NULL,
  `cantidad` int(11) NOT NULL,
  `id_personal` int(11) NOT NULL
) ENGINE=InnoDB DEFAULT CHARSET=latin1;

--
-- Volcado de datos para la tabla `sda`
--

INSERT INTO `sda` (`id_sda`, `id_material`, `cantidad`, `id_personal`) VALUES
(1, 503, 50, 18),
(1, 504, 67, 18),
(2, 512, 80, 18),
(2, 513, 70, 18),
(3, 489, 1, 18),
(4, 834, 10, 2),
(5, 499, 2, 19),
(5, 515, 3, 19),
(5, 517, 10, 19),
(6, 834, 1, 18),
(6, 1046, 2, 18),
(7, 309, 1, 2),
(7, 310, 5, 2),
(8, 502, 10, 18);

-- --------------------------------------------------------

--
-- Estructura de tabla para la tabla `sda_cabecera`
--

CREATE TABLE `sda_cabecera` (
  `id` int(11) NOT NULL,
  `fecha` date NOT NULL,
  `id_personal` int(11) NOT NULL,
  `id_usuario` int(11) NOT NULL,
  `n_proyecto` int(11) NOT NULL,
  `entregado` int(11) NOT NULL
) ENGINE=InnoDB DEFAULT CHARSET=latin1;

--
-- Volcado de datos para la tabla `sda_cabecera`
--

INSERT INTO `sda_cabecera` (`id`, `fecha`, `id_personal`, `id_usuario`, `n_proyecto`, `entregado`) VALUES
(1, '0000-00-00', 18, 12, 1030, 2),
(2, '0000-00-00', 18, 12, 1030, 2),
(3, '0000-00-00', 18, 12, 10, 2),
(4, '0000-00-00', 2, 12, 1030, 2),
(5, '0000-00-00', 19, 12, 10000, 2),
(6, '0000-00-00', 18, 12, 10010, 2),
(7, '0000-00-00', 2, 12, 10000, 2),
(8, '0000-00-00', 18, 12, 1, 0);

-- --------------------------------------------------------

--
-- Estructura de tabla para la tabla `temp_sda`
--

CREATE TABLE `temp_sda` (
  `id_material` int(11) NOT NULL,
  `cantidad` int(11) NOT NULL,
  `nick` varchar(20) NOT NULL
) ENGINE=InnoDB DEFAULT CHARSET=latin1;

--
-- Volcado de datos para la tabla `temp_sda`
--

INSERT INTO `temp_sda` (`id_material`, `cantidad`, `nick`) VALUES
(489, 1, 'MMONTES'),
(500, 3, 'MMONTES'),
(501, 4, 'MMONTES'),
(1, 30, '12'),
(5, 40, '12'),
(513, 100, '12'),
(515, 50, '12'),
(516, 10, '12');

-- --------------------------------------------------------

--
-- Estructura de tabla para la tabla `tipo_usuario`
--

CREATE TABLE `tipo_usuario` (
  `id` int(11) NOT NULL,
  `descripcion` varchar(50) NOT NULL
) ENGINE=InnoDB DEFAULT CHARSET=latin1;

--
-- Volcado de datos para la tabla `tipo_usuario`
--

INSERT INTO `tipo_usuario` (`id`, `descripcion`) VALUES
(2, 'Usuario'),
(3, 'Visualizador'),
(1, 'Administrador');

-- --------------------------------------------------------

--
-- Estructura de tabla para la tabla `usuario`
--

CREATE TABLE `usuario` (
  `id` int(11) NOT NULL,
  `fecha` date NOT NULL,
  `nick` varchar(30) NOT NULL,
  `nombre` varchar(50) NOT NULL,
  `mail` varchar(50) NOT NULL,
  `ip` text NOT NULL,
  `password` varchar(10) NOT NULL,
  `id_tipo_usuario` int(11) NOT NULL,
  `inicio` int(11) NOT NULL
) ENGINE=InnoDB DEFAULT CHARSET=latin1;

--
-- Volcado de datos para la tabla `usuario`
--

INSERT INTO `usuario` (`id`, `fecha`, `nick`, `nombre`, `mail`, `ip`, `password`, `id_tipo_usuario`, `inicio`) VALUES
(2, '0000-00-00', 'ISI', 'ADSD', 'ASDASD', '', '123', 2, 1),
(3, '0000-00-00', 'ROLO', 'ROLO VILLALON', 'DASDAS', '', '123', 1, 1),
(12, '0000-00-00', 'MMONTES', 'MARCELO MONTES CAMPOS', 'MARISIMAT@HOTMAIL.COM', '', '123', 1, 1),
(13, '0000-00-00', 'CURRA', 'CLAUDIA URRA FARIAS', 'ADMINISTRACION@ROBLE.CL', '', '123', 2, 1),
(15, '0000-00-00', 'ADASD', 'ASDSA', 'ASDA', '', 'asd', 2, 0);

/*!40101 SET CHARACTER_SET_CLIENT=@OLD_CHARACTER_SET_CLIENT */;
/*!40101 SET CHARACTER_SET_RESULTS=@OLD_CHARACTER_SET_RESULTS */;
/*!40101 SET COLLATION_CONNECTION=@OLD_COLLATION_CONNECTION */;
